<?xml version="1.0" encoding="UTF-8" standalone="yes"?>
<!--This file contains Lignocam SA data. Please do not modify-->
<!--Copyright by Lignocam SA-->
<CamINIData>
	<BTLSORTSETTINGS>
		<BTLSORTCOUNT>1</BTLSORTCOUNT>
		<BTLSORTDESC1>0</BTLSORTDESC1>
		<BTLSORTDESC2>0</BTLSORTDESC2>
		<BTLSORTDESC3>0</BTLSORTDESC3>
		<BTLSORTID1>1</BTLSORTID1>
		<BTLSORTID2>0</BTLSORTID2>
		<BTLSORTID3>0</BTLSORTID3>
	</BTLSORTSETTINGS>
	<ESPLAYOUT>
		<KFGRIDHEIGHT>155</KFGRIDHEIGHT>
		<KFGRIDVISIBLE>1</KFGRIDVISIBLE>
		<PNLDETAILHEIGHT>184</PNLDETAILHEIGHT>
		<PRGRIDVISIBLE>1</PRGRIDVISIBLE>
		<TREEVIEWWIDTH>200</TREEVIEWWIDTH>
	</ESPLAYOUT>
	<DIRECTORIES>
		<CAMCATALOG>C:\Users\marku\AppData\Roaming\Lignocam\CATALOG</CAMCATALOG>
		<CAMUSERPROFIL>D:\OneDrive\OneDrive - Lignocam\Camdemo\Userprofile</CAMUSERPROFIL>
	</DIRECTORIES>
	<BTLX_SETTINGS>
		<LOAD_SCHEMA_FROM_WEB>0</LOAD_SCHEMA_FROM_WEB>
		<LOAD_SCHEMA_FROM_WEB_TEMP>0</LOAD_SCHEMA_FROM_WEB_TEMP>
	</BTLX_SETTINGS>
	<COMMON>
		<USERCONFIGVERSION>4</USERCONFIGVERSION>
		<CURRENTLIGNOCAMVERSION>19</CURRENTLIGNOCAMVERSION>
		<CAMLANGUAGE>al</CAMLANGUAGE>
		<SHOW_BTL_FAVORITES>0</SHOW_BTL_FAVORITES>
		<STARTWINDOW>1</STARTWINDOW>
		<X3DOptimizeEnabled>1</X3DOptimizeEnabled>
		<X3DWarningsEnabled>0</X3DWarningsEnabled>
		<TEXTEDITOR>C:\Program Files\Notepad++\notepad++.exe</TEXTEDITOR>
		<LASTUSEDMACHINE>twmillE_Balteschwiler_M</LASTUSEDMACHINE>
		<LASTOPENDIRECTORY>D:\OneDrive\OneDrive - Lignocam\Ablage\Kunden\BFH\</LASTOPENDIRECTORY>
		<LASTOPENFILTER>2</LASTOPENFILTER>
		<BTL_FAVORITES_VERSION>1</BTL_FAVORITES_VERSION>
	</COMMON>
	<FORM_TDlg_ClientWindow>
		<TOP>373</TOP>
		<LEFT>863</LEFT>
		<HEIGHT>310</HEIGHT>
		<WIDTH>578</WIDTH>
		<WINDOWSTATE>0</WINDOWSTATE>
	</FORM_TDlg_ClientWindow>
	<WinLayoutCommon>
		<WinLayoutCount>1</WinLayoutCount>
	</WinLayoutCommon>
	<CHARGENDATA>
		<LASTGRIDLAYOUTNAME>last__Setting__</LASTGRIDLAYOUTNAME>
		<TREEVIEWWIDTH>155</TREEVIEWWIDTH>
		<LASTBUILDMACROACTIONSTATEMODE>6</LASTBUILDMACROACTIONSTATEMODE>
	</CHARGENDATA>
	<GRAPHICENGINE>
		<SELECTIONTYPE>1</SELECTIONTYPE>
	</GRAPHICENGINE>
	<DIALOGS>
		<WELCOME_DLG_ON_OFF>1</WELCOME_DLG_ON_OFF>
		<WELCOME_DLG_MODE>4</WELCOME_DLG_MODE>
	</DIALOGS>
	<INTERNAL>
		<LIGHT_REPORT_ZIP_PATH/>
		<CREATE_BUGTRAKER_LINK>http://bugtracker.lignocam.com/report/report_new.php?project_id=23</CREATE_BUGTRAKER_LINK>
	</INTERNAL>
	<CHARGE>
		<POS_CLAMP_TABEL>0</POS_CLAMP_TABEL>
		<FOLLOW_SPINDLE_ENABLEAXIS_X>1</FOLLOW_SPINDLE_ENABLEAXIS_X>
		<FOLLOW_SPINDLE_ENABLEAXIS_Y>0</FOLLOW_SPINDLE_ENABLEAXIS_Y>
		<FOLLOW_SPINDLE_ENABLEAXIS_Z>0</FOLLOW_SPINDLE_ENABLEAXIS_Z>
	</CHARGE>
	<SETTINGS_DLG>
		<NO_MODALE>0</NO_MODALE>
		<LAST_ACT_PAGE>0</LAST_ACT_PAGE>
		<LAST_SEL_INDEX>106</LAST_SEL_INDEX>
		<M_LAST_SEL_INDEX>31</M_LAST_SEL_INDEX>
	</SETTINGS_DLG>
	<SINGLEMEMBER_TREEVIEW>
		<VERSION>1</VERSION>
		<CTRL_ OrgIdent="CTRL+">-1</CTRL_>
		<CTRL_F1 OrgIdent="CTRL+F1">10290</CTRL_F1>
	</SINGLEMEMBER_TREEVIEW>
	<FORM_TFrm_CamDebug>
		<TOP>201</TOP>
		<LEFT>465</LEFT>
		<HEIGHT>414</HEIGHT>
		<WIDTH>605</WIDTH>
		<WINDOWSTATE>0</WINDOWSTATE>
	</FORM_TFrm_CamDebug>
	<DLG_BTL_TOOLS>
		<CON_DLG_BTL_TOOLS_HEIGHT>568</CON_DLG_BTL_TOOLS_HEIGHT>
		<CON_DLG_BTL_TOOLS_WIDTH>1040</CON_DLG_BTL_TOOLS_WIDTH>
		<CON_DLG_BTL_TOOLS_TREEWIDTH>369</CON_DLG_BTL_TOOLS_TREEWIDTH>
		<CON_DLG_BTL_TOOLS_EXPAND>1</CON_DLG_BTL_TOOLS_EXPAND>
	</DLG_BTL_TOOLS>
	<SINGLEMEMBER_GRID>
		<LASTGRIDLAYOUTNAME>last__Setting__</LASTGRIDLAYOUTNAME>
	</SINGLEMEMBER_GRID>
	<WinLayout_0>
		<WinFormCount>3</WinFormCount>
		<Name>default-layout</Name>
		<GraphSize>346</GraphSize>
		<GraphicAlign>2</GraphicAlign>
		<Form_0_Name>Frm_CamMain</Form_0_Name>
		<Form_0_ClassName>FrmCamMain.TFrm_CamMain</Form_0_ClassName>
		<Form_0_Height>832</Form_0_Height>
		<Form_0_Left>-8</Form_0_Left>
		<Form_0_Top>-8</Form_0_Top>
		<Form_0_Width>1552</Form_0_Width>
		<Form_0_WindowState>2</Form_0_WindowState>
		<Form_0_DialogID>1</Form_0_DialogID>
		<Form_0_Active>0</Form_0_Active>
		<Form_0_IS_PRIMARY_MONITOR>1</Form_0_IS_PRIMARY_MONITOR>
		<Form_1_Name>FrmChargenDlg</Form_1_Name>
		<Form_1_ClassName>FrmChargen.TFrmChargenDlg</Form_1_ClassName>
		<Form_1_Height>431</Form_1_Height>
		<Form_1_Left>-8</Form_1_Left>
		<Form_1_Top>-31</Form_1_Top>
		<Form_1_Width>1552</Form_1_Width>
		<Form_1_WindowState>2</Form_1_WindowState>
		<Form_1_DialogID>6</Form_1_DialogID>
		<Form_1_Active>1</Form_1_Active>
		<Form_1_IS_PRIMARY_MONITOR>1</Form_1_IS_PRIMARY_MONITOR>
		<Form_2_Name>FrmEZBase</Form_2_Name>
		<Form_2_ClassName>FrmEZBaseDlg.TFrmEZBase</Form_2_ClassName>
		<Form_2_Height>866</Form_2_Height>
		<Form_2_Left>255</Form_2_Left>
		<Form_2_Top>208</Form_2_Top>
		<Form_2_Width>1227</Form_2_Width>
		<Form_2_WindowState>0</Form_2_WindowState>
		<Form_2_DialogID>2</Form_2_DialogID>
		<Form_2_Active>0</Form_2_Active>
		<Form_2_IS_PRIMARY_MONITOR>1</Form_2_IS_PRIMARY_MONITOR>
	</WinLayout_0>
	<LASTRECENTLYUSED>
		<LASTUSED0>D:\OneDrive\OneDrive - Lignocam\Ablage\Kunden\BFH\Hackathon.btlx</LASTUSED0>
		<LASTUSED1>C:\Users\marku\Documents\GitHub\AECHackaton_ProjectsTalking\data\cadwork\testfileAM.BTLx</LASTUSED1>
		<LASTUSED2>D:\Lignocam\LignocamGeneral\Documentation\Concepts\BTL BTLx format and soft\BTL-BTLx samples\BTLx\Roof_simple.btlx</LASTUSED2>
		<LASTUSED3>D:\OneDrive\OneDrive - Lignocam\Camdemo\BugTracker\BT_Lignocam\V19\Roblayer_02\0214 C Drehung Y Position\XAM_ProjectFile.xam</LASTUSED3>
		<LASTUSED4>D:\OneDrive\OneDrive - Lignocam\Camdemo\BugTracker\BT_Lignocam\V18\0000_Done\1271_connect_sawcontour_segments\Previous\OtherReferenceSide.XAM</LASTUSED4>
	</LASTRECENTLYUSED>
</CamINIData>