<?xml version="1.0" encoding="UTF-8" standalone="yes"?>
<!--This file contains Lignocam SA data. Please do not modify-->
<!--Copyright by Lignocam SA-->
<CamINIData>
	<INFO>
		<USP_NAME>N:\UP_LC\Userprofil\twmillE_Balteschwiler_M\</USP_NAME>
		<LastModified_with_Version>18.6.561.77025</LastModified_with_Version>
		<LastModified_on>17.01.2025 15:19:10</LastModified_on>
		<LastModified_by_winuser>fabian.amstalden</LastModified_by_winuser>
		<LastModified_from_XAM>N:\HOPS6\Data\Hops\Hop\Fabu\Übungen\Remund_AKH03301\3301_ZS 01.XAM</LastModified_from_XAM>
	</INFO>
	<CHARGE_MACRO_GRID_lignocam_sortierung>
		<SETTINGNAME>lignocam sortierung</SETTINGNAME>
		<COLUMN_COUNT>2</COLUMN_COUNT>
		<VERSION_0>2</VERSION_0>
		<COLUMN_CAPTION_0>WZ-Nr.</COLUMN_CAPTION_0>
		<COLUMN_INDEXOFMACROPARAM_0>3</COLUMN_INDEXOFMACROPARAM_0>
		<COLUMN_PARAMTYPE_0>1</COLUMN_PARAMTYPE_0>
		<COLUMN_SEQUENCE_0>1</COLUMN_SEQUENCE_0>
		<VERSION_1>2</VERSION_1>
		<COLUMN_CAPTION_1>X Startpunkt Makro</COLUMN_CAPTION_1>
		<COLUMN_INDEXOFMACROPARAM_1>94</COLUMN_INDEXOFMACROPARAM_1>
		<COLUMN_PARAMTYPE_1>2</COLUMN_PARAMTYPE_1>
		<COLUMN_SEQUENCE_1>3</COLUMN_SEQUENCE_1>
	</CHARGE_MACRO_GRID_lignocam_sortierung>
	<CHARGE_MACRO_GRID>
		<SETTINGNAME>x-</SETTINGNAME>
		<COLUMN_COUNT>1</COLUMN_COUNT>
		<VERSION_0>2</VERSION_0>
		<COLUMN_CAPTION_0>X Startpunkt Makro</COLUMN_CAPTION_0>
		<COLUMN_INDEXOFMACROPARAM_0>94</COLUMN_INDEXOFMACROPARAM_0>
		<COLUMN_PARAMTYPE_0>2</COLUMN_PARAMTYPE_0>
		<COLUMN_SEQUENCE_0>2</COLUMN_SEQUENCE_0>
		<VERSION_1>2</VERSION_1>
		<COLUMN_CAPTION_1>C</COLUMN_CAPTION_1>
		<COLUMN_INDEXOFMACROPARAM_1>8</COLUMN_INDEXOFMACROPARAM_1>
		<COLUMN_PARAMTYPE_1>2</COLUMN_PARAMTYPE_1>
		<COLUMN_SEQUENCE_1>1</COLUMN_SEQUENCE_1>
		<VERSION_2>2</VERSION_2>
		<COLUMN_CAPTION_2>Bearbeitung-Kennung</COLUMN_CAPTION_2>
		<COLUMN_INDEXOFMACROPARAM_2>2003</COLUMN_INDEXOFMACROPARAM_2>
		<COLUMN_PARAMTYPE_2>1</COLUMN_PARAMTYPE_2>
		<COLUMN_SEQUENCE_2>3</COLUMN_SEQUENCE_2>
		<VERSION_3>2</VERSION_3>
		<COLUMN_CAPTION_3>Bearbeitung-Nr.</COLUMN_CAPTION_3>
		<COLUMN_INDEXOFMACROPARAM_3>2002</COLUMN_INDEXOFMACROPARAM_3>
		<COLUMN_PARAMTYPE_3>1</COLUMN_PARAMTYPE_3>
		<COLUMN_SEQUENCE_3>1</COLUMN_SEQUENCE_3>
		<VERSION_4>2</VERSION_4>
		<COLUMN_CAPTION_4>Y Startpunkt Makro</COLUMN_CAPTION_4>
		<COLUMN_INDEXOFMACROPARAM_4>95</COLUMN_INDEXOFMACROPARAM_4>
		<COLUMN_PARAMTYPE_4>2</COLUMN_PARAMTYPE_4>
		<COLUMN_SEQUENCE_4>1</COLUMN_SEQUENCE_4>
	</CHARGE_MACRO_GRID>
	<CHARGE_MACRO_GRID_Marcin>
		<SETTINGNAME>Marcin</SETTINGNAME>
		<COLUMN_COUNT>5</COLUMN_COUNT>
		<VERSION_0>2</VERSION_0>
		<COLUMN_CAPTION_0>WZ-Nr.</COLUMN_CAPTION_0>
		<COLUMN_INDEXOFMACROPARAM_0>3</COLUMN_INDEXOFMACROPARAM_0>
		<COLUMN_PARAMTYPE_0>1</COLUMN_PARAMTYPE_0>
		<COLUMN_SEQUENCE_0>1</COLUMN_SEQUENCE_0>
		<VERSION_1>2</VERSION_1>
		<COLUMN_CAPTION_1>X Startpunkt Makro</COLUMN_CAPTION_1>
		<COLUMN_INDEXOFMACROPARAM_1>94</COLUMN_INDEXOFMACROPARAM_1>
		<COLUMN_PARAMTYPE_1>2</COLUMN_PARAMTYPE_1>
		<COLUMN_SEQUENCE_1>3</COLUMN_SEQUENCE_1>
		<VERSION_2>2</VERSION_2>
		<COLUMN_CAPTION_2>Bearbeitung-Kennung</COLUMN_CAPTION_2>
		<COLUMN_INDEXOFMACROPARAM_2>2003</COLUMN_INDEXOFMACROPARAM_2>
		<COLUMN_PARAMTYPE_2>1</COLUMN_PARAMTYPE_2>
		<COLUMN_SEQUENCE_2>3</COLUMN_SEQUENCE_2>
		<VERSION_3>2</VERSION_3>
		<COLUMN_CAPTION_3>Bearbeitung-Nr.</COLUMN_CAPTION_3>
		<COLUMN_INDEXOFMACROPARAM_3>2002</COLUMN_INDEXOFMACROPARAM_3>
		<COLUMN_PARAMTYPE_3>1</COLUMN_PARAMTYPE_3>
		<COLUMN_SEQUENCE_3>1</COLUMN_SEQUENCE_3>
		<VERSION_4>2</VERSION_4>
		<COLUMN_CAPTION_4>Y Startpunkt Makro</COLUMN_CAPTION_4>
		<COLUMN_INDEXOFMACROPARAM_4>95</COLUMN_INDEXOFMACROPARAM_4>
		<COLUMN_PARAMTYPE_4>2</COLUMN_PARAMTYPE_4>
		<COLUMN_SEQUENCE_4>1</COLUMN_SEQUENCE_4>
	</CHARGE_MACRO_GRID_Marcin>
	<CHARGE_MACRO_GRID_x_c OrgSection="CHARGE_MACRO_GRID_x+c">
		<SETTINGNAME>x+c</SETTINGNAME>
		<COLUMN_COUNT>2</COLUMN_COUNT>
		<VERSION_0>2</VERSION_0>
		<COLUMN_CAPTION_0>X Startpunkt Makro</COLUMN_CAPTION_0>
		<COLUMN_INDEXOFMACROPARAM_0>94</COLUMN_INDEXOFMACROPARAM_0>
		<COLUMN_PARAMTYPE_0>2</COLUMN_PARAMTYPE_0>
		<COLUMN_SEQUENCE_0>1</COLUMN_SEQUENCE_0>
		<VERSION_1>2</VERSION_1>
		<COLUMN_CAPTION_1>C</COLUMN_CAPTION_1>
		<COLUMN_INDEXOFMACROPARAM_1>8</COLUMN_INDEXOFMACROPARAM_1>
		<COLUMN_PARAMTYPE_1>2</COLUMN_PARAMTYPE_1>
		<COLUMN_SEQUENCE_1>1</COLUMN_SEQUENCE_1>
	</CHARGE_MACRO_GRID_x_c>
	<CHARGE_MACRO_GRID_X_ OrgSection="CHARGE_MACRO_GRID_X+">
		<SETTINGNAME>X+</SETTINGNAME>
		<COLUMN_COUNT>1</COLUMN_COUNT>
		<VERSION_0>2</VERSION_0>
		<COLUMN_CAPTION_0>X Startpunkt Makro</COLUMN_CAPTION_0>
		<COLUMN_INDEXOFMACROPARAM_0>94</COLUMN_INDEXOFMACROPARAM_0>
		<COLUMN_PARAMTYPE_0>2</COLUMN_PARAMTYPE_0>
		<COLUMN_SEQUENCE_0>1</COLUMN_SEQUENCE_0>
	</CHARGE_MACRO_GRID_X_>
	<CHARGE_MACRO_GRID_y->
		<SETTINGNAME>y-</SETTINGNAME>
		<COLUMN_COUNT>1</COLUMN_COUNT>
		<VERSION_0>2</VERSION_0>
		<COLUMN_CAPTION_0>Y Startpunkt Makro</COLUMN_CAPTION_0>
		<COLUMN_INDEXOFMACROPARAM_0>95</COLUMN_INDEXOFMACROPARAM_0>
		<COLUMN_PARAMTYPE_0>2</COLUMN_PARAMTYPE_0>
		<COLUMN_SEQUENCE_0>2</COLUMN_SEQUENCE_0>
	</CHARGE_MACRO_GRID_y->
	<CHARGE_MACRO_GRID_x->
		<SETTINGNAME>x-</SETTINGNAME>
		<COLUMN_COUNT>1</COLUMN_COUNT>
		<VERSION_0>2</VERSION_0>
		<COLUMN_CAPTION_0>X Startpunkt Makro</COLUMN_CAPTION_0>
		<COLUMN_INDEXOFMACROPARAM_0>94</COLUMN_INDEXOFMACROPARAM_0>
		<COLUMN_PARAMTYPE_0>2</COLUMN_PARAMTYPE_0>
		<COLUMN_SEQUENCE_0>2</COLUMN_SEQUENCE_0>
	</CHARGE_MACRO_GRID_x->
	<CHARGE_MACRO_GRID_y_ OrgSection="CHARGE_MACRO_GRID_y+">
		<SETTINGNAME>y+</SETTINGNAME>
		<COLUMN_COUNT>1</COLUMN_COUNT>
		<VERSION_0>2</VERSION_0>
		<COLUMN_CAPTION_0>Y Startpunkt Makro</COLUMN_CAPTION_0>
		<COLUMN_INDEXOFMACROPARAM_0>95</COLUMN_INDEXOFMACROPARAM_0>
		<COLUMN_PARAMTYPE_0>2</COLUMN_PARAMTYPE_0>
		<COLUMN_SEQUENCE_0>1</COLUMN_SEQUENCE_0>
	</CHARGE_MACRO_GRID_y_>
	<CHARGE_MACRO_GRID_c>
		<SETTINGNAME>c</SETTINGNAME>
		<COLUMN_COUNT>1</COLUMN_COUNT>
		<VERSION_0>2</VERSION_0>
		<COLUMN_CAPTION_0>C</COLUMN_CAPTION_0>
		<COLUMN_INDEXOFMACROPARAM_0>8</COLUMN_INDEXOFMACROPARAM_0>
		<COLUMN_PARAMTYPE_0>2</COLUMN_PARAMTYPE_0>
		<COLUMN_SEQUENCE_0>1</COLUMN_SEQUENCE_0>
	</CHARGE_MACRO_GRID_c>
</CamINIData>