<?xml version="1.0" encoding="UTF-8" standalone="yes"?>
<!--This file contains Lignocam SA data. Please do not modify-->
<!--Copyright by Lignocam SA-->
<CamINIData>
	<INFO>
		<USP_NAME/>
		<LastModified_with_Version>17.6.453.69239</LastModified_with_Version>
		<LastModified_on>21.11.2024 10:19:48</LastModified_on>
		<LastModified_by_winuser>TWM.Abbundcenter</LastModified_by_winuser>
		<LastModified_from_XAM>N:\!-Projekte HBZ\Vögeli Holzbau AG_Mellingen_AKH03314 Bachmann Mellingen CLT 2024\020_CAD_BaLa\Programmierung\Pos 4.XAM</LastModified_from_XAM>
	</INFO>
	<GLOBAL>
		<SELECTED>Schulung</SELECTED>
	</GLOBAL>
</CamINIData>