<?xml version="1.0" encoding="UTF-8" standalone="yes"?>
<!--This file contains Lignocam SA data. Please do not modify-->
<!--Copyright by Lignocam SA-->
<CamINIData>
	<GLOBAL>
		<SELECTED/>
	</GLOBAL>
	<INFO>
		<USP_NAME>D:\01-Lignocam\OneDrive - Lignocam\userprofil\twmillE_Balteschwiler_M\</USP_NAME>
		<LastModified_with_Version>18.7.618.76697</LastModified_with_Version>
		<LastModified_on>07.11.2024 09:54:07</LastModified_on>
		<LastModified_by_winuser>frani</LastModified_by_winuser>
		<LastModified_from_XAM>D:\01-Lignocam\Hotline\DuJour\lignaxis\3116.1A-Balustre 161.XAM</LastModified_from_XAM>
	</INFO>
</CamINIData>