<?xml version="1.0" encoding="UTF-8" standalone="yes"?>
<!--This file contains Lignocam SA data. Please do not modify-->
<!--Copyright by Lignocam SA-->
<CamINIData>
	<GLOBAL>
		<SELECTED>CLTbis120 mm</SELECTED>
	</GLOBAL>
	<INFO>
		<USP_NAME>D:\OneDrive\OneDrive - Lignocam\Camdemo\Userprofile\twmillE_Balteschwiler_M\</USP_NAME>
		<LastModified_with_Version>19.1.065.78629</LastModified_with_Version>
		<LastModified_on>08.02.2025 19:06:16</LastModified_on>
		<LastModified_by_winuser>Markus</LastModified_by_winuser>
		<LastModified_from_XAM>D:\OneDrive\OneDrive - Lignocam\Ablage\Kunden\BFH\Hackathon.XAM</LastModified_from_XAM>
	</INFO>
</CamINIData>