<?xml version="1.0" encoding="UTF-8" standalone="yes"?>
<!--lignocam settings data-->
<!--Copyright by Lignocam Sa-->
<!--LastModified with Version 17.6.453.69239-->
<!--LastModified on 21.11.2024 10:19:45-->
<!--LastModified by winuser TWM.Abbundcenter-->
<cxGridSettings>
	<cxGridSetting Version="1" Name="Minimum standard Spalte" Footer="FALSE">
		<GridColumn Key="0">
			<Width>120</Width>
			<Visible>False</Visible>
			<Index>2</Index>
			<GroupIndex>-1</GroupIndex>
			<SortOrder>0</SortOrder>
			<FooterSummaryKind>0</FooterSummaryKind>
			<FooterSummaryFormat/>
			<CustomColumnID>0</CustomColumnID>
			<ParameterKey>1_2</ParameterKey>
			<Caption>Bearbeitung</Caption>
		</GridColumn>
		<GridColumn Key="1">
			<Width>38</Width>
			<Visible>True</Visible>
			<Index>3</Index>
			<GroupIndex>-1</GroupIndex>
			<SortOrder>0</SortOrder>
			<FooterSummaryKind>0</FooterSummaryKind>
			<FooterSummaryFormat/>
			<CustomColumnID>1</CustomColumnID>
			<ParameterKey>1_2003</ParameterKey>
			<Caption>Bearbeitung-Kennung</Caption>
		</GridColumn>
		<GridColumn Key="2">
			<Width>92</Width>
			<Visible>True</Visible>
			<Index>4</Index>
			<GroupIndex>-1</GroupIndex>
			<SortOrder>0</SortOrder>
			<FooterSummaryKind>0</FooterSummaryKind>
			<FooterSummaryFormat/>
			<CustomColumnID>2</CustomColumnID>
			<ParameterKey>1_2001</ParameterKey>
			<Caption>Bearbeitung-Bezeichnung</Caption>
		</GridColumn>
		<GridColumn Key="3">
			<Width>40</Width>
			<Visible>True</Visible>
			<Index>5</Index>
			<GroupIndex>-1</GroupIndex>
			<SortOrder>0</SortOrder>
			<FooterSummaryKind>0</FooterSummaryKind>
			<FooterSummaryFormat/>
			<CustomColumnID>3</CustomColumnID>
			<ParameterKey>1_2002</ParameterKey>
			<Caption>Bearbeitung-Nr.</Caption>
		</GridColumn>
		<GridColumn Key="4">
			<Width>38</Width>
			<Visible>False</Visible>
			<Index>6</Index>
			<GroupIndex>-1</GroupIndex>
			<SortOrder>0</SortOrder>
			<FooterSummaryKind>0</FooterSummaryKind>
			<FooterSummaryFormat/>
			<CustomColumnID>4</CustomColumnID>
			<ParameterKey>1_1001</ParameterKey>
			<Caption>Produktions-Nr.</Caption>
		</GridColumn>
		<GridColumn Key="5">
			<Width>55</Width>
			<Visible>True</Visible>
			<Index>7</Index>
			<GroupIndex>-1</GroupIndex>
			<SortOrder>0</SortOrder>
			<FooterSummaryKind>0</FooterSummaryKind>
			<FooterSummaryFormat/>
			<CustomColumnID>5</CustomColumnID>
			<ParameterKey>1_0</ParameterKey>
			<Caption>Makro</Caption>
		</GridColumn>
		<GridColumn Key="6">
			<Width>149</Width>
			<Visible>True</Visible>
			<Index>8</Index>
			<GroupIndex>-1</GroupIndex>
			<SortOrder>0</SortOrder>
			<FooterSummaryKind>0</FooterSummaryKind>
			<FooterSummaryFormat/>
			<CustomColumnID>6</CustomColumnID>
			<ParameterKey>1_3</ParameterKey>
			<Caption>WZ-Nr.</Caption>
		</GridColumn>
		<GridColumn Key="7">
			<Width>43</Width>
			<Visible>True</Visible>
			<Index>10</Index>
			<GroupIndex>-1</GroupIndex>
			<SortOrder>0</SortOrder>
			<FooterSummaryKind>0</FooterSummaryKind>
			<FooterSummaryFormat/>
			<CustomColumnID>7</CustomColumnID>
			<ParameterKey>1_7</ParameterKey>
			<Caption>Lage</Caption>
		</GridColumn>
		<GridColumn Key="8">
			<Width>60</Width>
			<Visible>False</Visible>
			<Index>11</Index>
			<GroupIndex>-1</GroupIndex>
			<SortOrder>0</SortOrder>
			<FooterSummaryKind>0</FooterSummaryKind>
			<FooterSummaryFormat/>
			<CustomColumnID>8</CustomColumnID>
			<ParameterKey>1_66</ParameterKey>
			<Caption>Zyklus</Caption>
		</GridColumn>
		<GridColumn Key="9">
			<Width>60</Width>
			<Visible>False</Visible>
			<Index>12</Index>
			<GroupIndex>-1</GroupIndex>
			<SortOrder>0</SortOrder>
			<FooterSummaryKind>0</FooterSummaryKind>
			<FooterSummaryFormat/>
			<CustomColumnID>9</CustomColumnID>
			<ParameterKey>2_107</ParameterKey>
			<Caption>Tiefe [mm]</Caption>
		</GridColumn>
		<GridColumn Key="10">
			<Width>60</Width>
			<Visible>False</Visible>
			<Index>13</Index>
			<GroupIndex>-1</GroupIndex>
			<SortOrder>0</SortOrder>
			<FooterSummaryKind>0</FooterSummaryKind>
			<FooterSummaryFormat/>
			<CustomColumnID>10</CustomColumnID>
			<ParameterKey>2_113</ParameterKey>
			<Caption>Tiefe 2 [mm]</Caption>
		</GridColumn>
		<GridColumn Key="11">
			<Width>39</Width>
			<Visible>True</Visible>
			<Index>14</Index>
			<GroupIndex>-1</GroupIndex>
			<SortOrder>0</SortOrder>
			<FooterSummaryKind>0</FooterSummaryKind>
			<FooterSummaryFormat/>
			<CustomColumnID>11</CustomColumnID>
			<ParameterKey>1_61</ParameterKey>
			<Caption>Spannbild</Caption>
		</GridColumn>
		<GridColumn Key="12">
			<Width>43</Width>
			<Visible>True</Visible>
			<Index>0</Index>
			<GroupIndex>-1</GroupIndex>
			<SortOrder>1</SortOrder>
			<FooterSummaryKind>0</FooterSummaryKind>
			<FooterSummaryFormat/>
			<CustomColumnID>12</CustomColumnID>
			<ParameterKey>1_8</ParameterKey>
			<Caption>ZeilenNr.</Caption>
		</GridColumn>
		<GridColumn Key="13">
			<Width>60</Width>
			<Visible>False</Visible>
			<Index>15</Index>
			<GroupIndex>-1</GroupIndex>
			<SortOrder>0</SortOrder>
			<FooterSummaryKind>0</FooterSummaryKind>
			<FooterSummaryFormat/>
			<CustomColumnID>13</CustomColumnID>
			<ParameterKey>2_6</ParameterKey>
			<Caption>A [deg]</Caption>
		</GridColumn>
		<GridColumn Key="14">
			<Width>60</Width>
			<Visible>False</Visible>
			<Index>16</Index>
			<GroupIndex>-1</GroupIndex>
			<SortOrder>0</SortOrder>
			<FooterSummaryKind>0</FooterSummaryKind>
			<FooterSummaryFormat/>
			<CustomColumnID>14</CustomColumnID>
			<ParameterKey>2_8</ParameterKey>
			<Caption>C [deg]</Caption>
		</GridColumn>
		<GridColumn Key="15">
			<Width>60</Width>
			<Visible>False</Visible>
			<Index>17</Index>
			<GroupIndex>-1</GroupIndex>
			<SortOrder>0</SortOrder>
			<FooterSummaryKind>0</FooterSummaryKind>
			<FooterSummaryFormat/>
			<CustomColumnID>15</CustomColumnID>
			<ParameterKey>1_94</ParameterKey>
			<Caption>SW-Wahl</Caption>
		</GridColumn>
		<GridColumn Key="16">
			<Width>60</Width>
			<Visible>False</Visible>
			<Index>18</Index>
			<GroupIndex>-1</GroupIndex>
			<SortOrder>0</SortOrder>
			<FooterSummaryKind>0</FooterSummaryKind>
			<FooterSummaryFormat/>
			<CustomColumnID>16</CustomColumnID>
			<ParameterKey>2_15</ParameterKey>
			<Caption>A-altern. [deg]</Caption>
		</GridColumn>
		<GridColumn Key="17">
			<Width>60</Width>
			<Visible>False</Visible>
			<Index>19</Index>
			<GroupIndex>-1</GroupIndex>
			<SortOrder>0</SortOrder>
			<FooterSummaryKind>0</FooterSummaryKind>
			<FooterSummaryFormat/>
			<CustomColumnID>17</CustomColumnID>
			<ParameterKey>2_17</ParameterKey>
			<Caption>C-altern. [deg]</Caption>
		</GridColumn>
		<GridColumn Key="18">
			<Width>40</Width>
			<Visible>True</Visible>
			<Index>20</Index>
			<GroupIndex>-1</GroupIndex>
			<SortOrder>0</SortOrder>
			<FooterSummaryKind>0</FooterSummaryKind>
			<FooterSummaryFormat/>
			<CustomColumnID>18</CustomColumnID>
			<ParameterKey>3_52</ParameterKey>
			<Caption>Ein/Aus</Caption>
		</GridColumn>
		<GridColumn Key="19">
			<Width>60</Width>
			<Visible>True</Visible>
			<Index>9</Index>
			<GroupIndex>-1</GroupIndex>
			<SortOrder>0</SortOrder>
			<FooterSummaryKind>0</FooterSummaryKind>
			<FooterSummaryFormat/>
			<CustomColumnID>19</CustomColumnID>
			<ParameterKey>1_83</ParameterKey>
			<Caption>ML/GL</Caption>
		</GridColumn>
		<GridColumn Key="20">
			<Width>60</Width>
			<Visible>False</Visible>
			<Index>20</Index>
			<GroupIndex>-1</GroupIndex>
			<SortOrder>0</SortOrder>
			<FooterSummaryKind>0</FooterSummaryKind>
			<FooterSummaryFormat/>
			<CustomColumnID>20</CustomColumnID>
			<ParameterKey>1_78</ParameterKey>
			<Caption>Flag</Caption>
		</GridColumn>
		<GridColumn Key="21">
			<Width>60</Width>
			<Visible>True</Visible>
			<Index>21</Index>
			<GroupIndex>-1</GroupIndex>
			<SortOrder>0</SortOrder>
			<FooterSummaryKind>0</FooterSummaryKind>
			<FooterSummaryFormat/>
			<CustomColumnID>21</CustomColumnID>
			<ParameterKey>1_63</ParameterKey>
			<Caption>M0</Caption>
		</GridColumn>
		<GridColumn Key="22">
			<Width>60</Width>
			<Visible>False</Visible>
			<Index>22</Index>
			<GroupIndex>-1</GroupIndex>
			<SortOrder>0</SortOrder>
			<FooterSummaryKind>0</FooterSummaryKind>
			<FooterSummaryFormat/>
			<CustomColumnID>22</CustomColumnID>
			<ParameterKey>1_67</ParameterKey>
			<Caption>Spindel-Nr</Caption>
		</GridColumn>
		<GridColumn Key="23">
			<Width>60</Width>
			<Visible>False</Visible>
			<Index>23</Index>
			<GroupIndex>-1</GroupIndex>
			<SortOrder>0</SortOrder>
			<FooterSummaryKind>0</FooterSummaryKind>
			<FooterSummaryFormat/>
			<CustomColumnID>23</CustomColumnID>
			<ParameterKey>3_97</ParameterKey>
			<Caption>Berührungstaster</Caption>
		</GridColumn>
		<GridColumn Key="24">
			<Width>60</Width>
			<Visible>False</Visible>
			<Index>23</Index>
			<GroupIndex>-1</GroupIndex>
			<SortOrder>0</SortOrder>
			<FooterSummaryKind>0</FooterSummaryKind>
			<FooterSummaryFormat/>
			<CustomColumnID>24</CustomColumnID>
			<ParameterKey>2_0</ParameterKey>
			<Caption>LKS X [mm]</Caption>
		</GridColumn>
		<GridColumn Key="25">
			<Width>60</Width>
			<Visible>False</Visible>
			<Index>24</Index>
			<GroupIndex>-1</GroupIndex>
			<SortOrder>0</SortOrder>
			<FooterSummaryKind>0</FooterSummaryKind>
			<FooterSummaryFormat/>
			<CustomColumnID>25</CustomColumnID>
			<ParameterKey>2_1</ParameterKey>
			<Caption>LKS Y [mm]</Caption>
		</GridColumn>
		<GridColumn Key="26">
			<Width>60</Width>
			<Visible>False</Visible>
			<Index>25</Index>
			<GroupIndex>-1</GroupIndex>
			<SortOrder>0</SortOrder>
			<FooterSummaryKind>0</FooterSummaryKind>
			<FooterSummaryFormat/>
			<CustomColumnID>26</CustomColumnID>
			<ParameterKey>2_2</ParameterKey>
			<Caption>LKS Z [mm]</Caption>
		</GridColumn>
		<GridColumn Key="27">
			<Width>60</Width>
			<Visible>False</Visible>
			<Index>27</Index>
			<GroupIndex>-1</GroupIndex>
			<SortOrder>0</SortOrder>
			<FooterSummaryKind>0</FooterSummaryKind>
			<FooterSummaryFormat/>
			<CustomColumnID>27</CustomColumnID>
			<ParameterKey>1_57</ParameterKey>
			<Caption>Bauteil in Stange</Caption>
		</GridColumn>
		<GridColumn Key="28">
			<Width>60</Width>
			<Visible>False</Visible>
			<Index>28</Index>
			<GroupIndex>-1</GroupIndex>
			<SortOrder>0</SortOrder>
			<FooterSummaryKind>0</FooterSummaryKind>
			<FooterSummaryFormat/>
			<CustomColumnID>28</CustomColumnID>
			<ParameterKey>2_1001</ParameterKey>
			<Caption>P11 [mm]</Caption>
		</GridColumn>
		<GridColumn Key="29">
			<Width>60</Width>
			<Visible>False</Visible>
			<Index>29</Index>
			<GroupIndex>-1</GroupIndex>
			<SortOrder>0</SortOrder>
			<FooterSummaryKind>0</FooterSummaryKind>
			<FooterSummaryFormat/>
			<CustomColumnID>29</CustomColumnID>
			<ParameterKey>2_1002</ParameterKey>
			<Caption>P12 [mm]</Caption>
		</GridColumn>
		<GridColumn Key="30">
			<Width>60</Width>
			<Visible>False</Visible>
			<Index>30</Index>
			<GroupIndex>-1</GroupIndex>
			<SortOrder>0</SortOrder>
			<FooterSummaryKind>0</FooterSummaryKind>
			<FooterSummaryFormat/>
			<CustomColumnID>30</CustomColumnID>
			<ParameterKey>2_1004</ParameterKey>
			<Caption>P13</Caption>
		</GridColumn>
		<GridColumn Key="31">
			<Width>60</Width>
			<Visible>False</Visible>
			<Index>31</Index>
			<GroupIndex>-1</GroupIndex>
			<SortOrder>0</SortOrder>
			<FooterSummaryKind>0</FooterSummaryKind>
			<FooterSummaryFormat/>
			<CustomColumnID>31</CustomColumnID>
			<ParameterKey>1_2004</ParameterKey>
			<Caption>Makro forciert</Caption>
		</GridColumn>
		<GridColumn Key="32">
			<Width>60</Width>
			<Visible>False</Visible>
			<Index>32</Index>
			<GroupIndex>-1</GroupIndex>
			<SortOrder>0</SortOrder>
			<FooterSummaryKind>0</FooterSummaryKind>
			<FooterSummaryFormat/>
			<CustomColumnID>32</CustomColumnID>
			<ParameterKey>1_2005</ParameterKey>
			<Caption>Werkzeug forciert</Caption>
		</GridColumn>
		<GridColumn Key="33">
			<Width>60</Width>
			<Visible>False</Visible>
			<Index>33</Index>
			<GroupIndex>-1</GroupIndex>
			<SortOrder>0</SortOrder>
			<FooterSummaryKind>0</FooterSummaryKind>
			<FooterSummaryFormat/>
			<CustomColumnID>33</CustomColumnID>
			<ParameterKey>2_1003</ParameterKey>
			<Caption>Ueberhöhung [mm]</Caption>
		</GridColumn>
		<GridColumn Key="34">
			<Width>71</Width>
			<Visible>True</Visible>
			<Index>34</Index>
			<GroupIndex>-1</GroupIndex>
			<SortOrder>0</SortOrder>
			<FooterSummaryKind>0</FooterSummaryKind>
			<FooterSummaryFormat/>
			<CustomColumnID>34</CustomColumnID>
			<ParameterKey>2_94</ParameterKey>
			<Caption>X Startpunkt Makro [mm]</Caption>
		</GridColumn>
		<GridColumn Key="35">
			<Width>70</Width>
			<Visible>True</Visible>
			<Index>35</Index>
			<GroupIndex>-1</GroupIndex>
			<SortOrder>0</SortOrder>
			<FooterSummaryKind>0</FooterSummaryKind>
			<FooterSummaryFormat/>
			<CustomColumnID>35</CustomColumnID>
			<ParameterKey>2_95</ParameterKey>
			<Caption>Y Startpunkt Makro [mm]</Caption>
		</GridColumn>
		<GridColumn Key="36">
			<Width>60</Width>
			<Visible>False</Visible>
			<Index>36</Index>
			<GroupIndex>-1</GroupIndex>
			<SortOrder>0</SortOrder>
			<FooterSummaryKind>0</FooterSummaryKind>
			<FooterSummaryFormat/>
			<CustomColumnID>36</CustomColumnID>
			<ParameterKey>2_96</ParameterKey>
			<Caption>Z Startpunkt Makro [mm]</Caption>
		</GridColumn>
		<GridColumn Key="37">
			<Width>60</Width>
			<Visible>False</Visible>
			<Index>37</Index>
			<GroupIndex>-1</GroupIndex>
			<SortOrder>0</SortOrder>
			<FooterSummaryKind>0</FooterSummaryKind>
			<FooterSummaryFormat/>
			<CustomColumnID>37</CustomColumnID>
			<ParameterKey>2_121</ParameterKey>
			<Caption>LKS X-Verschiebung [mm]</Caption>
		</GridColumn>
		<GridColumn Key="38">
			<Width>60</Width>
			<Visible>False</Visible>
			<Index>38</Index>
			<GroupIndex>-1</GroupIndex>
			<SortOrder>0</SortOrder>
			<FooterSummaryKind>0</FooterSummaryKind>
			<FooterSummaryFormat/>
			<CustomColumnID>38</CustomColumnID>
			<ParameterKey>2_122</ParameterKey>
			<Caption>LKS Y-Verschiebung [mm]</Caption>
		</GridColumn>
		<GridColumn Key="39">
			<Width>60</Width>
			<Visible>False</Visible>
			<Index>39</Index>
			<GroupIndex>-1</GroupIndex>
			<SortOrder>0</SortOrder>
			<FooterSummaryKind>0</FooterSummaryKind>
			<FooterSummaryFormat/>
			<CustomColumnID>39</CustomColumnID>
			<ParameterKey>2_123</ParameterKey>
			<Caption>LKS Z-Verschiebung [mm]</Caption>
		</GridColumn>
		<GridColumn Key="40">
			<Width>120</Width>
			<Visible>False</Visible>
			<Index>37</Index>
			<GroupIndex>-1</GroupIndex>
			<SortOrder>0</SortOrder>
			<FooterSummaryKind>0</FooterSummaryKind>
			<FooterSummaryFormat/>
			<CustomColumnID>40</CustomColumnID>
			<ParameterKey>1_2006</ParameterKey>
			<Caption>Kommentar Bearbeitung</Caption>
		</GridColumn>
		<GridColumn Key="41">
			<Width>120</Width>
			<Visible>False</Visible>
			<Index>38</Index>
			<GroupIndex>-1</GroupIndex>
			<SortOrder>0</SortOrder>
			<FooterSummaryKind>0</FooterSummaryKind>
			<FooterSummaryFormat/>
			<CustomColumnID>41</CustomColumnID>
			<ParameterKey>1_2007</ParameterKey>
			<Caption>Name Bearbeitung frei</Caption>
		</GridColumn>
		<GridColumn Key="42">
			<Width>60</Width>
			<Visible>False</Visible>
			<Index>39</Index>
			<GroupIndex>-1</GroupIndex>
			<SortOrder>0</SortOrder>
			<FooterSummaryKind>0</FooterSummaryKind>
			<FooterSummaryFormat/>
			<CustomColumnID>42</CustomColumnID>
			<ParameterKey>1_2008</ParameterKey>
			<Caption>Priorität</Caption>
		</GridColumn>
		<GridColumn Key="43">
			<Width>60</Width>
			<Visible>True</Visible>
			<Index>40</Index>
			<GroupIndex>-1</GroupIndex>
			<SortOrder>0</SortOrder>
			<FooterSummaryKind>0</FooterSummaryKind>
			<FooterSummaryFormat/>
			<CustomColumnID>43</CustomColumnID>
			<ParameterKey>2_64</ParameterKey>
			<Caption>Fertigungszeit [hh:mm:ss]</Caption>
		</GridColumn>
		<GridColumn Key="44">
			<Width>80</Width>
			<Visible>True</Visible>
			<Index>1</Index>
			<GroupIndex>-1</GroupIndex>
			<SortOrder>0</SortOrder>
			<FooterSummaryKind>0</FooterSummaryKind>
			<FooterSummaryFormat/>
			<CustomColumnID>44</CustomColumnID>
			<ParameterKey>1_93</ParameterKey>
			<Caption>Kollisionsprüfung</Caption>
		</GridColumn>
		<GridColumn Key="45">
			<Width>60</Width>
			<Visible>False</Visible>
			<Index>41</Index>
			<GroupIndex>-1</GroupIndex>
			<SortOrder>0</SortOrder>
			<FooterSummaryKind>0</FooterSummaryKind>
			<FooterSummaryFormat/>
			<CustomColumnID>45</CustomColumnID>
			<ParameterKey>1_2010</ParameterKey>
			<Caption>Stückliste-Nr.</Caption>
		</GridColumn>
		<GridColumn Key="46">
			<Width>120</Width>
			<Visible>False</Visible>
			<Index>42</Index>
			<GroupIndex>-1</GroupIndex>
			<SortOrder>0</SortOrder>
			<FooterSummaryKind>0</FooterSummaryKind>
			<FooterSummaryFormat/>
			<CustomColumnID>46</CustomColumnID>
			<ParameterKey>1_2011</ParameterKey>
			<Caption>Name Bauteil</Caption>
		</GridColumn>
		<GridColumn Key="47">
			<Width>60</Width>
			<Visible>False</Visible>
			<Index>43</Index>
			<GroupIndex>-1</GroupIndex>
			<SortOrder>0</SortOrder>
			<FooterSummaryKind>0</FooterSummaryKind>
			<FooterSummaryFormat/>
			<CustomColumnID>47</CustomColumnID>
			<ParameterKey>1_2012</ParameterKey>
			<Caption>UID des Bauteils (BTL)</Caption>
		</GridColumn>
		<GridColumn Key="48">
			<Width>60</Width>
			<Visible>False</Visible>
			<Index>44</Index>
			<GroupIndex>-1</GroupIndex>
			<SortOrder>0</SortOrder>
			<FooterSummaryKind>0</FooterSummaryKind>
			<FooterSummaryFormat/>
			<CustomColumnID>48</CustomColumnID>
			<ParameterKey>1_2013</ParameterKey>
			<Caption>WZ-Nr.</Caption>
		</GridColumn>
		<GridColumn Key="49">
			<Width>60</Width>
			<Visible>False</Visible>
			<Index>45</Index>
			<GroupIndex>-1</GroupIndex>
			<SortOrder>0</SortOrder>
			<FooterSummaryKind>0</FooterSummaryKind>
			<FooterSummaryFormat/>
			<CustomColumnID>49</CustomColumnID>
			<ParameterKey>1_2015</ParameterKey>
			<Caption>P4</Caption>
		</GridColumn>
		<GridColumn Key="50">
			<Width>120</Width>
			<Visible>False</Visible>
			<Index>46</Index>
			<GroupIndex>-1</GroupIndex>
			<SortOrder>0</SortOrder>
			<FooterSummaryKind>0</FooterSummaryKind>
			<FooterSummaryFormat/>
			<CustomColumnID>50</CustomColumnID>
			<ParameterKey>1_2016</ParameterKey>
			<Caption>Bemerkung Makro</Caption>
		</GridColumn>
		<GridColumn Key="51">
			<Width>60</Width>
			<Visible>False</Visible>
			<Index>51</Index>
			<GroupIndex>-1</GroupIndex>
			<SortOrder>0</SortOrder>
			<FooterSummaryKind>0</FooterSummaryKind>
			<FooterSummaryFormat/>
			<CustomColumnID>51</CustomColumnID>
			<ParameterKey>1_2017</ParameterKey>
			<Caption>P5</Caption>
		</GridColumn>
	</cxGridSetting>
	<cxGridSetting Version="1" Name="default__setting__" Footer="FALSE">
		<GridColumn Key="0">
			<Width>120</Width>
			<Visible>True</Visible>
			<Index>0</Index>
			<GroupIndex>-1</GroupIndex>
			<SortOrder>0</SortOrder>
			<FooterSummaryKind>0</FooterSummaryKind>
			<FooterSummaryFormat/>
			<CustomColumnID>0</CustomColumnID>
			<ParameterKey>1_2</ParameterKey>
			<Caption>Bearbeitung</Caption>
		</GridColumn>
		<GridColumn Key="1">
			<Width>120</Width>
			<Visible>True</Visible>
			<Index>1</Index>
			<GroupIndex>-1</GroupIndex>
			<SortOrder>0</SortOrder>
			<FooterSummaryKind>0</FooterSummaryKind>
			<FooterSummaryFormat/>
			<CustomColumnID>1</CustomColumnID>
			<ParameterKey>1_2003</ParameterKey>
			<Caption>Bearbeitung-Kennung</Caption>
		</GridColumn>
		<GridColumn Key="2">
			<Width>120</Width>
			<Visible>True</Visible>
			<Index>2</Index>
			<GroupIndex>-1</GroupIndex>
			<SortOrder>0</SortOrder>
			<FooterSummaryKind>0</FooterSummaryKind>
			<FooterSummaryFormat/>
			<CustomColumnID>2</CustomColumnID>
			<ParameterKey>1_2001</ParameterKey>
			<Caption>Bearbeitung-Bezeichnung</Caption>
		</GridColumn>
		<GridColumn Key="3">
			<Width>120</Width>
			<Visible>True</Visible>
			<Index>3</Index>
			<GroupIndex>-1</GroupIndex>
			<SortOrder>0</SortOrder>
			<FooterSummaryKind>0</FooterSummaryKind>
			<FooterSummaryFormat/>
			<CustomColumnID>3</CustomColumnID>
			<ParameterKey>1_2002</ParameterKey>
			<Caption>Bearbeitung-Nr.</Caption>
		</GridColumn>
		<GridColumn Key="4">
			<Width>60</Width>
			<Visible>True</Visible>
			<Index>4</Index>
			<GroupIndex>-1</GroupIndex>
			<SortOrder>0</SortOrder>
			<FooterSummaryKind>0</FooterSummaryKind>
			<FooterSummaryFormat/>
			<CustomColumnID>4</CustomColumnID>
			<ParameterKey>1_1001</ParameterKey>
			<Caption>Produktions-Nr.</Caption>
		</GridColumn>
		<GridColumn Key="5">
			<Width>60</Width>
			<Visible>True</Visible>
			<Index>5</Index>
			<GroupIndex>-1</GroupIndex>
			<SortOrder>0</SortOrder>
			<FooterSummaryKind>0</FooterSummaryKind>
			<FooterSummaryFormat/>
			<CustomColumnID>5</CustomColumnID>
			<ParameterKey>1_0</ParameterKey>
			<Caption>Makro</Caption>
		</GridColumn>
		<GridColumn Key="6">
			<Width>60</Width>
			<Visible>True</Visible>
			<Index>6</Index>
			<GroupIndex>-1</GroupIndex>
			<SortOrder>0</SortOrder>
			<FooterSummaryKind>0</FooterSummaryKind>
			<FooterSummaryFormat/>
			<CustomColumnID>6</CustomColumnID>
			<ParameterKey>1_3</ParameterKey>
			<Caption>WZ-Nr.</Caption>
		</GridColumn>
		<GridColumn Key="7">
			<Width>60</Width>
			<Visible>True</Visible>
			<Index>7</Index>
			<GroupIndex>-1</GroupIndex>
			<SortOrder>0</SortOrder>
			<FooterSummaryKind>0</FooterSummaryKind>
			<FooterSummaryFormat/>
			<CustomColumnID>7</CustomColumnID>
			<ParameterKey>1_7</ParameterKey>
			<Caption>Lage</Caption>
		</GridColumn>
		<GridColumn Key="8">
			<Width>60</Width>
			<Visible>True</Visible>
			<Index>8</Index>
			<GroupIndex>-1</GroupIndex>
			<SortOrder>0</SortOrder>
			<FooterSummaryKind>0</FooterSummaryKind>
			<FooterSummaryFormat/>
			<CustomColumnID>8</CustomColumnID>
			<ParameterKey>1_66</ParameterKey>
			<Caption>Zyklus</Caption>
		</GridColumn>
		<GridColumn Key="9">
			<Width>60</Width>
			<Visible>True</Visible>
			<Index>9</Index>
			<GroupIndex>-1</GroupIndex>
			<SortOrder>0</SortOrder>
			<FooterSummaryKind>0</FooterSummaryKind>
			<FooterSummaryFormat/>
			<CustomColumnID>9</CustomColumnID>
			<ParameterKey>2_107</ParameterKey>
			<Caption>Tiefe [mm]</Caption>
		</GridColumn>
		<GridColumn Key="10">
			<Width>60</Width>
			<Visible>True</Visible>
			<Index>10</Index>
			<GroupIndex>-1</GroupIndex>
			<SortOrder>0</SortOrder>
			<FooterSummaryKind>0</FooterSummaryKind>
			<FooterSummaryFormat/>
			<CustomColumnID>10</CustomColumnID>
			<ParameterKey>2_113</ParameterKey>
			<Caption>Tiefe 2 [mm]</Caption>
		</GridColumn>
		<GridColumn Key="11">
			<Width>60</Width>
			<Visible>True</Visible>
			<Index>11</Index>
			<GroupIndex>-1</GroupIndex>
			<SortOrder>0</SortOrder>
			<FooterSummaryKind>0</FooterSummaryKind>
			<FooterSummaryFormat/>
			<CustomColumnID>11</CustomColumnID>
			<ParameterKey>1_61</ParameterKey>
			<Caption>Spannbild</Caption>
		</GridColumn>
		<GridColumn Key="12">
			<Width>60</Width>
			<Visible>True</Visible>
			<Index>12</Index>
			<GroupIndex>-1</GroupIndex>
			<SortOrder>0</SortOrder>
			<FooterSummaryKind>0</FooterSummaryKind>
			<FooterSummaryFormat/>
			<CustomColumnID>12</CustomColumnID>
			<ParameterKey>1_8</ParameterKey>
			<Caption>ZeilenNr.</Caption>
		</GridColumn>
		<GridColumn Key="13">
			<Width>60</Width>
			<Visible>True</Visible>
			<Index>13</Index>
			<GroupIndex>-1</GroupIndex>
			<SortOrder>0</SortOrder>
			<FooterSummaryKind>0</FooterSummaryKind>
			<FooterSummaryFormat/>
			<CustomColumnID>13</CustomColumnID>
			<ParameterKey>2_6</ParameterKey>
			<Caption>A [deg]</Caption>
		</GridColumn>
		<GridColumn Key="14">
			<Width>60</Width>
			<Visible>True</Visible>
			<Index>14</Index>
			<GroupIndex>-1</GroupIndex>
			<SortOrder>0</SortOrder>
			<FooterSummaryKind>0</FooterSummaryKind>
			<FooterSummaryFormat/>
			<CustomColumnID>14</CustomColumnID>
			<ParameterKey>2_8</ParameterKey>
			<Caption>C [deg]</Caption>
		</GridColumn>
		<GridColumn Key="15">
			<Width>60</Width>
			<Visible>True</Visible>
			<Index>15</Index>
			<GroupIndex>-1</GroupIndex>
			<SortOrder>0</SortOrder>
			<FooterSummaryKind>0</FooterSummaryKind>
			<FooterSummaryFormat/>
			<CustomColumnID>15</CustomColumnID>
			<ParameterKey>1_94</ParameterKey>
			<Caption>SW-Wahl</Caption>
		</GridColumn>
		<GridColumn Key="16">
			<Width>60</Width>
			<Visible>True</Visible>
			<Index>16</Index>
			<GroupIndex>-1</GroupIndex>
			<SortOrder>0</SortOrder>
			<FooterSummaryKind>0</FooterSummaryKind>
			<FooterSummaryFormat/>
			<CustomColumnID>16</CustomColumnID>
			<ParameterKey>2_15</ParameterKey>
			<Caption>A-altern. [deg]</Caption>
		</GridColumn>
		<GridColumn Key="17">
			<Width>60</Width>
			<Visible>True</Visible>
			<Index>17</Index>
			<GroupIndex>-1</GroupIndex>
			<SortOrder>0</SortOrder>
			<FooterSummaryKind>0</FooterSummaryKind>
			<FooterSummaryFormat/>
			<CustomColumnID>17</CustomColumnID>
			<ParameterKey>2_17</ParameterKey>
			<Caption>C-altern. [deg]</Caption>
		</GridColumn>
		<GridColumn Key="18">
			<Width>60</Width>
			<Visible>True</Visible>
			<Index>18</Index>
			<GroupIndex>-1</GroupIndex>
			<SortOrder>0</SortOrder>
			<FooterSummaryKind>0</FooterSummaryKind>
			<FooterSummaryFormat/>
			<CustomColumnID>18</CustomColumnID>
			<ParameterKey>3_52</ParameterKey>
			<Caption>Ein/Aus</Caption>
		</GridColumn>
		<GridColumn Key="19">
			<Width>60</Width>
			<Visible>True</Visible>
			<Index>19</Index>
			<GroupIndex>-1</GroupIndex>
			<SortOrder>0</SortOrder>
			<FooterSummaryKind>0</FooterSummaryKind>
			<FooterSummaryFormat/>
			<CustomColumnID>19</CustomColumnID>
			<ParameterKey>1_83</ParameterKey>
			<Caption>ML/GL</Caption>
		</GridColumn>
		<GridColumn Key="20">
			<Width>60</Width>
			<Visible>True</Visible>
			<Index>20</Index>
			<GroupIndex>-1</GroupIndex>
			<SortOrder>0</SortOrder>
			<FooterSummaryKind>0</FooterSummaryKind>
			<FooterSummaryFormat/>
			<CustomColumnID>20</CustomColumnID>
			<ParameterKey>1_78</ParameterKey>
			<Caption>Flag</Caption>
		</GridColumn>
		<GridColumn Key="21">
			<Width>60</Width>
			<Visible>True</Visible>
			<Index>21</Index>
			<GroupIndex>-1</GroupIndex>
			<SortOrder>0</SortOrder>
			<FooterSummaryKind>0</FooterSummaryKind>
			<FooterSummaryFormat/>
			<CustomColumnID>21</CustomColumnID>
			<ParameterKey>1_63</ParameterKey>
			<Caption>M0</Caption>
		</GridColumn>
		<GridColumn Key="22">
			<Width>60</Width>
			<Visible>True</Visible>
			<Index>22</Index>
			<GroupIndex>-1</GroupIndex>
			<SortOrder>0</SortOrder>
			<FooterSummaryKind>0</FooterSummaryKind>
			<FooterSummaryFormat/>
			<CustomColumnID>22</CustomColumnID>
			<ParameterKey>1_67</ParameterKey>
			<Caption>Spindel-Nr</Caption>
		</GridColumn>
		<GridColumn Key="23">
			<Width>60</Width>
			<Visible>True</Visible>
			<Index>23</Index>
			<GroupIndex>-1</GroupIndex>
			<SortOrder>0</SortOrder>
			<FooterSummaryKind>0</FooterSummaryKind>
			<FooterSummaryFormat/>
			<CustomColumnID>23</CustomColumnID>
			<ParameterKey>3_97</ParameterKey>
			<Caption>Berührungstaster</Caption>
		</GridColumn>
		<GridColumn Key="24">
			<Width>60</Width>
			<Visible>True</Visible>
			<Index>24</Index>
			<GroupIndex>-1</GroupIndex>
			<SortOrder>0</SortOrder>
			<FooterSummaryKind>0</FooterSummaryKind>
			<FooterSummaryFormat/>
			<CustomColumnID>24</CustomColumnID>
			<ParameterKey>2_0</ParameterKey>
			<Caption>LKS X [mm]</Caption>
		</GridColumn>
		<GridColumn Key="25">
			<Width>60</Width>
			<Visible>True</Visible>
			<Index>25</Index>
			<GroupIndex>-1</GroupIndex>
			<SortOrder>0</SortOrder>
			<FooterSummaryKind>0</FooterSummaryKind>
			<FooterSummaryFormat/>
			<CustomColumnID>25</CustomColumnID>
			<ParameterKey>2_1</ParameterKey>
			<Caption>LKS Y [mm]</Caption>
		</GridColumn>
		<GridColumn Key="26">
			<Width>60</Width>
			<Visible>True</Visible>
			<Index>26</Index>
			<GroupIndex>-1</GroupIndex>
			<SortOrder>0</SortOrder>
			<FooterSummaryKind>0</FooterSummaryKind>
			<FooterSummaryFormat/>
			<CustomColumnID>26</CustomColumnID>
			<ParameterKey>2_2</ParameterKey>
			<Caption>LKS Z [mm]</Caption>
		</GridColumn>
		<GridColumn Key="27">
			<Width>60</Width>
			<Visible>True</Visible>
			<Index>27</Index>
			<GroupIndex>-1</GroupIndex>
			<SortOrder>0</SortOrder>
			<FooterSummaryKind>0</FooterSummaryKind>
			<FooterSummaryFormat/>
			<CustomColumnID>27</CustomColumnID>
			<ParameterKey>1_57</ParameterKey>
			<Caption>Bauteil in Stange</Caption>
		</GridColumn>
		<GridColumn Key="28">
			<Width>60</Width>
			<Visible>True</Visible>
			<Index>28</Index>
			<GroupIndex>-1</GroupIndex>
			<SortOrder>0</SortOrder>
			<FooterSummaryKind>0</FooterSummaryKind>
			<FooterSummaryFormat/>
			<CustomColumnID>28</CustomColumnID>
			<ParameterKey>2_1001</ParameterKey>
			<Caption>P11 [mm]</Caption>
		</GridColumn>
		<GridColumn Key="29">
			<Width>60</Width>
			<Visible>True</Visible>
			<Index>29</Index>
			<GroupIndex>-1</GroupIndex>
			<SortOrder>0</SortOrder>
			<FooterSummaryKind>0</FooterSummaryKind>
			<FooterSummaryFormat/>
			<CustomColumnID>29</CustomColumnID>
			<ParameterKey>2_1002</ParameterKey>
			<Caption>P12 [mm]</Caption>
		</GridColumn>
		<GridColumn Key="30">
			<Width>60</Width>
			<Visible>True</Visible>
			<Index>30</Index>
			<GroupIndex>-1</GroupIndex>
			<SortOrder>0</SortOrder>
			<FooterSummaryKind>0</FooterSummaryKind>
			<FooterSummaryFormat/>
			<CustomColumnID>30</CustomColumnID>
			<ParameterKey>2_1004</ParameterKey>
			<Caption>P13</Caption>
		</GridColumn>
		<GridColumn Key="31">
			<Width>60</Width>
			<Visible>True</Visible>
			<Index>31</Index>
			<GroupIndex>-1</GroupIndex>
			<SortOrder>0</SortOrder>
			<FooterSummaryKind>0</FooterSummaryKind>
			<FooterSummaryFormat/>
			<CustomColumnID>31</CustomColumnID>
			<ParameterKey>1_2004</ParameterKey>
			<Caption>Makro forciert</Caption>
		</GridColumn>
		<GridColumn Key="32">
			<Width>60</Width>
			<Visible>True</Visible>
			<Index>32</Index>
			<GroupIndex>-1</GroupIndex>
			<SortOrder>0</SortOrder>
			<FooterSummaryKind>0</FooterSummaryKind>
			<FooterSummaryFormat/>
			<CustomColumnID>32</CustomColumnID>
			<ParameterKey>1_2005</ParameterKey>
			<Caption>Werkzeug forciert</Caption>
		</GridColumn>
		<GridColumn Key="33">
			<Width>60</Width>
			<Visible>True</Visible>
			<Index>33</Index>
			<GroupIndex>-1</GroupIndex>
			<SortOrder>0</SortOrder>
			<FooterSummaryKind>0</FooterSummaryKind>
			<FooterSummaryFormat/>
			<CustomColumnID>33</CustomColumnID>
			<ParameterKey>2_1003</ParameterKey>
			<Caption>Ueberhöhung [mm]</Caption>
		</GridColumn>
		<GridColumn Key="34">
			<Width>60</Width>
			<Visible>True</Visible>
			<Index>34</Index>
			<GroupIndex>-1</GroupIndex>
			<SortOrder>0</SortOrder>
			<FooterSummaryKind>0</FooterSummaryKind>
			<FooterSummaryFormat/>
			<CustomColumnID>34</CustomColumnID>
			<ParameterKey>2_94</ParameterKey>
			<Caption>X Startpunkt Makro [mm]</Caption>
		</GridColumn>
		<GridColumn Key="35">
			<Width>60</Width>
			<Visible>True</Visible>
			<Index>35</Index>
			<GroupIndex>-1</GroupIndex>
			<SortOrder>0</SortOrder>
			<FooterSummaryKind>0</FooterSummaryKind>
			<FooterSummaryFormat/>
			<CustomColumnID>35</CustomColumnID>
			<ParameterKey>2_95</ParameterKey>
			<Caption>Y Startpunkt Makro [mm]</Caption>
		</GridColumn>
		<GridColumn Key="36">
			<Width>60</Width>
			<Visible>True</Visible>
			<Index>36</Index>
			<GroupIndex>-1</GroupIndex>
			<SortOrder>0</SortOrder>
			<FooterSummaryKind>0</FooterSummaryKind>
			<FooterSummaryFormat/>
			<CustomColumnID>36</CustomColumnID>
			<ParameterKey>2_96</ParameterKey>
			<Caption>Z Startpunkt Makro [mm]</Caption>
		</GridColumn>
		<GridColumn Key="37">
			<Width>60</Width>
			<Visible>True</Visible>
			<Index>37</Index>
			<GroupIndex>-1</GroupIndex>
			<SortOrder>0</SortOrder>
			<FooterSummaryKind>0</FooterSummaryKind>
			<FooterSummaryFormat/>
			<CustomColumnID>37</CustomColumnID>
			<ParameterKey>2_121</ParameterKey>
			<Caption>LKS X-Verschiebung [mm]</Caption>
		</GridColumn>
		<GridColumn Key="38">
			<Width>60</Width>
			<Visible>True</Visible>
			<Index>38</Index>
			<GroupIndex>-1</GroupIndex>
			<SortOrder>0</SortOrder>
			<FooterSummaryKind>0</FooterSummaryKind>
			<FooterSummaryFormat/>
			<CustomColumnID>38</CustomColumnID>
			<ParameterKey>2_122</ParameterKey>
			<Caption>LKS Y-Verschiebung [mm]</Caption>
		</GridColumn>
		<GridColumn Key="39">
			<Width>60</Width>
			<Visible>True</Visible>
			<Index>39</Index>
			<GroupIndex>-1</GroupIndex>
			<SortOrder>0</SortOrder>
			<FooterSummaryKind>0</FooterSummaryKind>
			<FooterSummaryFormat/>
			<CustomColumnID>39</CustomColumnID>
			<ParameterKey>2_123</ParameterKey>
			<Caption>LKS Z-Verschiebung [mm]</Caption>
		</GridColumn>
		<GridColumn Key="40">
			<Width>120</Width>
			<Visible>True</Visible>
			<Index>40</Index>
			<GroupIndex>-1</GroupIndex>
			<SortOrder>0</SortOrder>
			<FooterSummaryKind>0</FooterSummaryKind>
			<FooterSummaryFormat/>
			<CustomColumnID>40</CustomColumnID>
			<ParameterKey>1_2006</ParameterKey>
			<Caption>Kommentar Bearbeitung</Caption>
		</GridColumn>
		<GridColumn Key="41">
			<Width>120</Width>
			<Visible>True</Visible>
			<Index>41</Index>
			<GroupIndex>-1</GroupIndex>
			<SortOrder>0</SortOrder>
			<FooterSummaryKind>0</FooterSummaryKind>
			<FooterSummaryFormat/>
			<CustomColumnID>41</CustomColumnID>
			<ParameterKey>1_2007</ParameterKey>
			<Caption>Name Bearbeitung frei</Caption>
		</GridColumn>
		<GridColumn Key="42">
			<Width>60</Width>
			<Visible>True</Visible>
			<Index>42</Index>
			<GroupIndex>-1</GroupIndex>
			<SortOrder>0</SortOrder>
			<FooterSummaryKind>0</FooterSummaryKind>
			<FooterSummaryFormat/>
			<CustomColumnID>42</CustomColumnID>
			<ParameterKey>1_2008</ParameterKey>
			<Caption>Priorität</Caption>
		</GridColumn>
		<GridColumn Key="43">
			<Width>60</Width>
			<Visible>True</Visible>
			<Index>43</Index>
			<GroupIndex>-1</GroupIndex>
			<SortOrder>0</SortOrder>
			<FooterSummaryKind>0</FooterSummaryKind>
			<FooterSummaryFormat/>
			<CustomColumnID>43</CustomColumnID>
			<ParameterKey>2_64</ParameterKey>
			<Caption>Fertigungszeit [hh:mm:ss]</Caption>
		</GridColumn>
		<GridColumn Key="44">
			<Width>60</Width>
			<Visible>True</Visible>
			<Index>44</Index>
			<GroupIndex>-1</GroupIndex>
			<SortOrder>0</SortOrder>
			<FooterSummaryKind>0</FooterSummaryKind>
			<FooterSummaryFormat/>
			<CustomColumnID>44</CustomColumnID>
			<ParameterKey>1_93</ParameterKey>
			<Caption>Kollisionsprüfung</Caption>
		</GridColumn>
		<GridColumn Key="45">
			<Width>60</Width>
			<Visible>True</Visible>
			<Index>45</Index>
			<GroupIndex>-1</GroupIndex>
			<SortOrder>0</SortOrder>
			<FooterSummaryKind>0</FooterSummaryKind>
			<FooterSummaryFormat/>
			<CustomColumnID>45</CustomColumnID>
			<ParameterKey>1_2010</ParameterKey>
			<Caption>Stückliste-Nr.</Caption>
		</GridColumn>
		<GridColumn Key="46">
			<Width>120</Width>
			<Visible>True</Visible>
			<Index>46</Index>
			<GroupIndex>-1</GroupIndex>
			<SortOrder>0</SortOrder>
			<FooterSummaryKind>0</FooterSummaryKind>
			<FooterSummaryFormat/>
			<CustomColumnID>46</CustomColumnID>
			<ParameterKey>1_2011</ParameterKey>
			<Caption>Name Bauteil</Caption>
		</GridColumn>
		<GridColumn Key="47">
			<Width>120</Width>
			<Visible>True</Visible>
			<Index>47</Index>
			<GroupIndex>-1</GroupIndex>
			<SortOrder>0</SortOrder>
			<FooterSummaryKind>0</FooterSummaryKind>
			<FooterSummaryFormat/>
			<CustomColumnID>47</CustomColumnID>
			<ParameterKey>1_2012</ParameterKey>
			<Caption>UID des Bauteils (BTL)</Caption>
		</GridColumn>
		<GridColumn Key="48">
			<Width>60</Width>
			<Visible>True</Visible>
			<Index>48</Index>
			<GroupIndex>-1</GroupIndex>
			<SortOrder>0</SortOrder>
			<FooterSummaryKind>0</FooterSummaryKind>
			<FooterSummaryFormat/>
			<CustomColumnID>48</CustomColumnID>
			<ParameterKey>1_2013</ParameterKey>
			<Caption>WZ-Nr.</Caption>
		</GridColumn>
		<GridColumn Key="49">
			<Width>60</Width>
			<Visible>True</Visible>
			<Index>49</Index>
			<GroupIndex>-1</GroupIndex>
			<SortOrder>0</SortOrder>
			<FooterSummaryKind>0</FooterSummaryKind>
			<FooterSummaryFormat/>
			<CustomColumnID>49</CustomColumnID>
			<ParameterKey>1_2015</ParameterKey>
			<Caption>P4</Caption>
		</GridColumn>
		<GridColumn Key="50">
			<Width>120</Width>
			<Visible>True</Visible>
			<Index>50</Index>
			<GroupIndex>-1</GroupIndex>
			<SortOrder>0</SortOrder>
			<FooterSummaryKind>0</FooterSummaryKind>
			<FooterSummaryFormat/>
			<CustomColumnID>50</CustomColumnID>
			<ParameterKey>1_2016</ParameterKey>
			<Caption>Bemerkung Makro</Caption>
		</GridColumn>
		<GridColumn Key="51">
			<Width>60</Width>
			<Visible>True</Visible>
			<Index>51</Index>
			<GroupIndex>-1</GroupIndex>
			<SortOrder>0</SortOrder>
			<FooterSummaryKind>0</FooterSummaryKind>
			<FooterSummaryFormat/>
			<CustomColumnID>51</CustomColumnID>
			<ParameterKey>1_2017</ParameterKey>
			<Caption>P5</Caption>
		</GridColumn>
	</cxGridSetting>
	<cxGridSetting Version="1" Name="last__Setting__" Footer="FALSE">
		<GridColumn Key="12">
			<Width>43</Width>
			<Visible>True</Visible>
			<Index>0</Index>
			<GroupIndex>-1</GroupIndex>
			<SortOrder>1</SortOrder>
			<FooterSummaryKind>0</FooterSummaryKind>
			<FooterSummaryFormat/>
			<CustomColumnID>12</CustomColumnID>
			<ParameterKey>1_8</ParameterKey>
			<Caption>ZeilenNr.</Caption>
		</GridColumn>
		<GridColumn Key="44">
			<Width>80</Width>
			<Visible>True</Visible>
			<Index>1</Index>
			<GroupIndex>-1</GroupIndex>
			<SortOrder>0</SortOrder>
			<FooterSummaryKind>0</FooterSummaryKind>
			<FooterSummaryFormat/>
			<CustomColumnID>44</CustomColumnID>
			<ParameterKey>1_93</ParameterKey>
			<Caption>Kollisionsprüfung</Caption>
		</GridColumn>
		<GridColumn Key="0">
			<Width>120</Width>
			<Visible>False</Visible>
			<Index>2</Index>
			<GroupIndex>-1</GroupIndex>
			<SortOrder>0</SortOrder>
			<FooterSummaryKind>0</FooterSummaryKind>
			<FooterSummaryFormat/>
			<CustomColumnID>0</CustomColumnID>
			<ParameterKey>1_2</ParameterKey>
			<Caption>Bearbeitung</Caption>
		</GridColumn>
		<GridColumn Key="1">
			<Width>69</Width>
			<Visible>True</Visible>
			<Index>3</Index>
			<GroupIndex>-1</GroupIndex>
			<SortOrder>0</SortOrder>
			<FooterSummaryKind>0</FooterSummaryKind>
			<FooterSummaryFormat/>
			<CustomColumnID>1</CustomColumnID>
			<ParameterKey>1_2003</ParameterKey>
			<Caption>Bearbeitung-Kennung</Caption>
		</GridColumn>
		<GridColumn Key="2">
			<Width>105</Width>
			<Visible>True</Visible>
			<Index>4</Index>
			<GroupIndex>-1</GroupIndex>
			<SortOrder>0</SortOrder>
			<FooterSummaryKind>0</FooterSummaryKind>
			<FooterSummaryFormat/>
			<CustomColumnID>2</CustomColumnID>
			<ParameterKey>1_2001</ParameterKey>
			<Caption>Bearbeitung-Bezeichnung</Caption>
		</GridColumn>
		<GridColumn Key="3">
			<Width>73</Width>
			<Visible>True</Visible>
			<Index>5</Index>
			<GroupIndex>-1</GroupIndex>
			<SortOrder>0</SortOrder>
			<FooterSummaryKind>0</FooterSummaryKind>
			<FooterSummaryFormat/>
			<CustomColumnID>3</CustomColumnID>
			<ParameterKey>1_2002</ParameterKey>
			<Caption>Bearbeitung-Nr.</Caption>
		</GridColumn>
		<GridColumn Key="4">
			<Width>38</Width>
			<Visible>False</Visible>
			<Index>6</Index>
			<GroupIndex>-1</GroupIndex>
			<SortOrder>0</SortOrder>
			<FooterSummaryKind>0</FooterSummaryKind>
			<FooterSummaryFormat/>
			<CustomColumnID>4</CustomColumnID>
			<ParameterKey>1_1001</ParameterKey>
			<Caption>Produktions-Nr.</Caption>
		</GridColumn>
		<GridColumn Key="5">
			<Width>47</Width>
			<Visible>True</Visible>
			<Index>7</Index>
			<GroupIndex>-1</GroupIndex>
			<SortOrder>0</SortOrder>
			<FooterSummaryKind>0</FooterSummaryKind>
			<FooterSummaryFormat/>
			<CustomColumnID>5</CustomColumnID>
			<ParameterKey>1_0</ParameterKey>
			<Caption>Makro</Caption>
		</GridColumn>
		<GridColumn Key="6">
			<Width>223</Width>
			<Visible>True</Visible>
			<Index>8</Index>
			<GroupIndex>-1</GroupIndex>
			<SortOrder>0</SortOrder>
			<FooterSummaryKind>0</FooterSummaryKind>
			<FooterSummaryFormat/>
			<CustomColumnID>6</CustomColumnID>
			<ParameterKey>1_3</ParameterKey>
			<Caption>WZ-Nr.</Caption>
		</GridColumn>
		<GridColumn Key="7">
			<Width>43</Width>
			<Visible>True</Visible>
			<Index>9</Index>
			<GroupIndex>-1</GroupIndex>
			<SortOrder>0</SortOrder>
			<FooterSummaryKind>0</FooterSummaryKind>
			<FooterSummaryFormat/>
			<CustomColumnID>7</CustomColumnID>
			<ParameterKey>1_7</ParameterKey>
			<Caption>Lage</Caption>
		</GridColumn>
		<GridColumn Key="19">
			<Width>60</Width>
			<Visible>True</Visible>
			<Index>10</Index>
			<GroupIndex>-1</GroupIndex>
			<SortOrder>0</SortOrder>
			<FooterSummaryKind>0</FooterSummaryKind>
			<FooterSummaryFormat/>
			<CustomColumnID>19</CustomColumnID>
			<ParameterKey>1_83</ParameterKey>
			<Caption>ML/GL</Caption>
		</GridColumn>
		<GridColumn Key="8">
			<Width>60</Width>
			<Visible>False</Visible>
			<Index>11</Index>
			<GroupIndex>-1</GroupIndex>
			<SortOrder>0</SortOrder>
			<FooterSummaryKind>0</FooterSummaryKind>
			<FooterSummaryFormat/>
			<CustomColumnID>8</CustomColumnID>
			<ParameterKey>1_66</ParameterKey>
			<Caption>Zyklus</Caption>
		</GridColumn>
		<GridColumn Key="9">
			<Width>60</Width>
			<Visible>False</Visible>
			<Index>12</Index>
			<GroupIndex>-1</GroupIndex>
			<SortOrder>0</SortOrder>
			<FooterSummaryKind>0</FooterSummaryKind>
			<FooterSummaryFormat/>
			<CustomColumnID>9</CustomColumnID>
			<ParameterKey>2_107</ParameterKey>
			<Caption>Tiefe [mm]</Caption>
		</GridColumn>
		<GridColumn Key="10">
			<Width>60</Width>
			<Visible>False</Visible>
			<Index>13</Index>
			<GroupIndex>-1</GroupIndex>
			<SortOrder>0</SortOrder>
			<FooterSummaryKind>0</FooterSummaryKind>
			<FooterSummaryFormat/>
			<CustomColumnID>10</CustomColumnID>
			<ParameterKey>2_113</ParameterKey>
			<Caption>Tiefe 2 [mm]</Caption>
		</GridColumn>
		<GridColumn Key="11">
			<Width>65</Width>
			<Visible>True</Visible>
			<Index>14</Index>
			<GroupIndex>-1</GroupIndex>
			<SortOrder>0</SortOrder>
			<FooterSummaryKind>0</FooterSummaryKind>
			<FooterSummaryFormat/>
			<CustomColumnID>11</CustomColumnID>
			<ParameterKey>1_61</ParameterKey>
			<Caption>Spannbild</Caption>
		</GridColumn>
		<GridColumn Key="13">
			<Width>60</Width>
			<Visible>False</Visible>
			<Index>15</Index>
			<GroupIndex>-1</GroupIndex>
			<SortOrder>0</SortOrder>
			<FooterSummaryKind>0</FooterSummaryKind>
			<FooterSummaryFormat/>
			<CustomColumnID>13</CustomColumnID>
			<ParameterKey>2_6</ParameterKey>
			<Caption>A [deg]</Caption>
		</GridColumn>
		<GridColumn Key="14">
			<Width>60</Width>
			<Visible>False</Visible>
			<Index>16</Index>
			<GroupIndex>-1</GroupIndex>
			<SortOrder>0</SortOrder>
			<FooterSummaryKind>0</FooterSummaryKind>
			<FooterSummaryFormat/>
			<CustomColumnID>14</CustomColumnID>
			<ParameterKey>2_8</ParameterKey>
			<Caption>C [deg]</Caption>
		</GridColumn>
		<GridColumn Key="15">
			<Width>60</Width>
			<Visible>False</Visible>
			<Index>17</Index>
			<GroupIndex>-1</GroupIndex>
			<SortOrder>0</SortOrder>
			<FooterSummaryKind>0</FooterSummaryKind>
			<FooterSummaryFormat/>
			<CustomColumnID>15</CustomColumnID>
			<ParameterKey>1_94</ParameterKey>
			<Caption>SW-Wahl</Caption>
		</GridColumn>
		<GridColumn Key="16">
			<Width>60</Width>
			<Visible>False</Visible>
			<Index>18</Index>
			<GroupIndex>-1</GroupIndex>
			<SortOrder>0</SortOrder>
			<FooterSummaryKind>0</FooterSummaryKind>
			<FooterSummaryFormat/>
			<CustomColumnID>16</CustomColumnID>
			<ParameterKey>2_15</ParameterKey>
			<Caption>A-altern. [deg]</Caption>
		</GridColumn>
		<GridColumn Key="17">
			<Width>60</Width>
			<Visible>False</Visible>
			<Index>19</Index>
			<GroupIndex>-1</GroupIndex>
			<SortOrder>0</SortOrder>
			<FooterSummaryKind>0</FooterSummaryKind>
			<FooterSummaryFormat/>
			<CustomColumnID>17</CustomColumnID>
			<ParameterKey>2_17</ParameterKey>
			<Caption>C-altern. [deg]</Caption>
		</GridColumn>
		<GridColumn Key="18">
			<Width>54</Width>
			<Visible>True</Visible>
			<Index>20</Index>
			<GroupIndex>-1</GroupIndex>
			<SortOrder>0</SortOrder>
			<FooterSummaryKind>0</FooterSummaryKind>
			<FooterSummaryFormat/>
			<CustomColumnID>18</CustomColumnID>
			<ParameterKey>3_52</ParameterKey>
			<Caption>Ein/Aus</Caption>
		</GridColumn>
		<GridColumn Key="20">
			<Width>60</Width>
			<Visible>False</Visible>
			<Index>21</Index>
			<GroupIndex>-1</GroupIndex>
			<SortOrder>0</SortOrder>
			<FooterSummaryKind>0</FooterSummaryKind>
			<FooterSummaryFormat/>
			<CustomColumnID>20</CustomColumnID>
			<ParameterKey>1_78</ParameterKey>
			<Caption>Flag</Caption>
		</GridColumn>
		<GridColumn Key="21">
			<Width>60</Width>
			<Visible>True</Visible>
			<Index>22</Index>
			<GroupIndex>-1</GroupIndex>
			<SortOrder>0</SortOrder>
			<FooterSummaryKind>0</FooterSummaryKind>
			<FooterSummaryFormat/>
			<CustomColumnID>21</CustomColumnID>
			<ParameterKey>1_63</ParameterKey>
			<Caption>M0</Caption>
		</GridColumn>
		<GridColumn Key="22">
			<Width>60</Width>
			<Visible>False</Visible>
			<Index>23</Index>
			<GroupIndex>-1</GroupIndex>
			<SortOrder>0</SortOrder>
			<FooterSummaryKind>0</FooterSummaryKind>
			<FooterSummaryFormat/>
			<CustomColumnID>22</CustomColumnID>
			<ParameterKey>1_67</ParameterKey>
			<Caption>Spindel-Nr</Caption>
		</GridColumn>
		<GridColumn Key="24">
			<Width>60</Width>
			<Visible>False</Visible>
			<Index>24</Index>
			<GroupIndex>-1</GroupIndex>
			<SortOrder>0</SortOrder>
			<FooterSummaryKind>0</FooterSummaryKind>
			<FooterSummaryFormat/>
			<CustomColumnID>24</CustomColumnID>
			<ParameterKey>2_0</ParameterKey>
			<Caption>LKS X [mm]</Caption>
		</GridColumn>
		<GridColumn Key="25">
			<Width>60</Width>
			<Visible>False</Visible>
			<Index>25</Index>
			<GroupIndex>-1</GroupIndex>
			<SortOrder>0</SortOrder>
			<FooterSummaryKind>0</FooterSummaryKind>
			<FooterSummaryFormat/>
			<CustomColumnID>25</CustomColumnID>
			<ParameterKey>2_1</ParameterKey>
			<Caption>LKS Y [mm]</Caption>
		</GridColumn>
		<GridColumn Key="26">
			<Width>60</Width>
			<Visible>False</Visible>
			<Index>26</Index>
			<GroupIndex>-1</GroupIndex>
			<SortOrder>0</SortOrder>
			<FooterSummaryKind>0</FooterSummaryKind>
			<FooterSummaryFormat/>
			<CustomColumnID>26</CustomColumnID>
			<ParameterKey>2_2</ParameterKey>
			<Caption>LKS Z [mm]</Caption>
		</GridColumn>
		<GridColumn Key="23">
			<Width>60</Width>
			<Visible>False</Visible>
			<Index>27</Index>
			<GroupIndex>-1</GroupIndex>
			<SortOrder>0</SortOrder>
			<FooterSummaryKind>0</FooterSummaryKind>
			<FooterSummaryFormat/>
			<CustomColumnID>23</CustomColumnID>
			<ParameterKey>3_97</ParameterKey>
			<Caption>Berührungstaster</Caption>
		</GridColumn>
		<GridColumn Key="27">
			<Width>60</Width>
			<Visible>False</Visible>
			<Index>28</Index>
			<GroupIndex>-1</GroupIndex>
			<SortOrder>0</SortOrder>
			<FooterSummaryKind>0</FooterSummaryKind>
			<FooterSummaryFormat/>
			<CustomColumnID>27</CustomColumnID>
			<ParameterKey>1_57</ParameterKey>
			<Caption>Bauteil in Stange</Caption>
		</GridColumn>
		<GridColumn Key="28">
			<Width>60</Width>
			<Visible>False</Visible>
			<Index>29</Index>
			<GroupIndex>-1</GroupIndex>
			<SortOrder>0</SortOrder>
			<FooterSummaryKind>0</FooterSummaryKind>
			<FooterSummaryFormat/>
			<CustomColumnID>28</CustomColumnID>
			<ParameterKey>2_1001</ParameterKey>
			<Caption>P11 [mm]</Caption>
		</GridColumn>
		<GridColumn Key="29">
			<Width>60</Width>
			<Visible>False</Visible>
			<Index>30</Index>
			<GroupIndex>-1</GroupIndex>
			<SortOrder>0</SortOrder>
			<FooterSummaryKind>0</FooterSummaryKind>
			<FooterSummaryFormat/>
			<CustomColumnID>29</CustomColumnID>
			<ParameterKey>2_1002</ParameterKey>
			<Caption>P12 [mm]</Caption>
		</GridColumn>
		<GridColumn Key="30">
			<Width>60</Width>
			<Visible>False</Visible>
			<Index>31</Index>
			<GroupIndex>-1</GroupIndex>
			<SortOrder>0</SortOrder>
			<FooterSummaryKind>0</FooterSummaryKind>
			<FooterSummaryFormat/>
			<CustomColumnID>30</CustomColumnID>
			<ParameterKey>2_1004</ParameterKey>
			<Caption>P13</Caption>
		</GridColumn>
		<GridColumn Key="31">
			<Width>60</Width>
			<Visible>False</Visible>
			<Index>32</Index>
			<GroupIndex>-1</GroupIndex>
			<SortOrder>0</SortOrder>
			<FooterSummaryKind>0</FooterSummaryKind>
			<FooterSummaryFormat/>
			<CustomColumnID>31</CustomColumnID>
			<ParameterKey>1_2004</ParameterKey>
			<Caption>Makro forciert</Caption>
		</GridColumn>
		<GridColumn Key="32">
			<Width>60</Width>
			<Visible>False</Visible>
			<Index>33</Index>
			<GroupIndex>-1</GroupIndex>
			<SortOrder>0</SortOrder>
			<FooterSummaryKind>0</FooterSummaryKind>
			<FooterSummaryFormat/>
			<CustomColumnID>32</CustomColumnID>
			<ParameterKey>1_2005</ParameterKey>
			<Caption>Werkzeug forciert</Caption>
		</GridColumn>
		<GridColumn Key="33">
			<Width>60</Width>
			<Visible>False</Visible>
			<Index>34</Index>
			<GroupIndex>-1</GroupIndex>
			<SortOrder>0</SortOrder>
			<FooterSummaryKind>0</FooterSummaryKind>
			<FooterSummaryFormat/>
			<CustomColumnID>33</CustomColumnID>
			<ParameterKey>2_1003</ParameterKey>
			<Caption>Ueberhöhung [mm]</Caption>
		</GridColumn>
		<GridColumn Key="34">
			<Width>68</Width>
			<Visible>True</Visible>
			<Index>35</Index>
			<GroupIndex>-1</GroupIndex>
			<SortOrder>0</SortOrder>
			<FooterSummaryKind>0</FooterSummaryKind>
			<FooterSummaryFormat/>
			<CustomColumnID>34</CustomColumnID>
			<ParameterKey>2_94</ParameterKey>
			<Caption>X Startpunkt Makro [mm]</Caption>
		</GridColumn>
		<GridColumn Key="35">
			<Width>70</Width>
			<Visible>True</Visible>
			<Index>36</Index>
			<GroupIndex>-1</GroupIndex>
			<SortOrder>0</SortOrder>
			<FooterSummaryKind>0</FooterSummaryKind>
			<FooterSummaryFormat/>
			<CustomColumnID>35</CustomColumnID>
			<ParameterKey>2_95</ParameterKey>
			<Caption>Y Startpunkt Makro [mm]</Caption>
		</GridColumn>
		<GridColumn Key="36">
			<Width>60</Width>
			<Visible>False</Visible>
			<Index>37</Index>
			<GroupIndex>-1</GroupIndex>
			<SortOrder>0</SortOrder>
			<FooterSummaryKind>0</FooterSummaryKind>
			<FooterSummaryFormat/>
			<CustomColumnID>36</CustomColumnID>
			<ParameterKey>2_96</ParameterKey>
			<Caption>Z Startpunkt Makro [mm]</Caption>
		</GridColumn>
		<GridColumn Key="40">
			<Width>120</Width>
			<Visible>False</Visible>
			<Index>38</Index>
			<GroupIndex>-1</GroupIndex>
			<SortOrder>0</SortOrder>
			<FooterSummaryKind>0</FooterSummaryKind>
			<FooterSummaryFormat/>
			<CustomColumnID>40</CustomColumnID>
			<ParameterKey>1_2006</ParameterKey>
			<Caption>Kommentar Bearbeitung</Caption>
		</GridColumn>
		<GridColumn Key="41">
			<Width>120</Width>
			<Visible>False</Visible>
			<Index>39</Index>
			<GroupIndex>-1</GroupIndex>
			<SortOrder>0</SortOrder>
			<FooterSummaryKind>0</FooterSummaryKind>
			<FooterSummaryFormat/>
			<CustomColumnID>41</CustomColumnID>
			<ParameterKey>1_2007</ParameterKey>
			<Caption>Name Bearbeitung frei</Caption>
		</GridColumn>
		<GridColumn Key="42">
			<Width>60</Width>
			<Visible>False</Visible>
			<Index>40</Index>
			<GroupIndex>-1</GroupIndex>
			<SortOrder>0</SortOrder>
			<FooterSummaryKind>0</FooterSummaryKind>
			<FooterSummaryFormat/>
			<CustomColumnID>42</CustomColumnID>
			<ParameterKey>1_2008</ParameterKey>
			<Caption>Priorität</Caption>
		</GridColumn>
		<GridColumn Key="45">
			<Width>60</Width>
			<Visible>False</Visible>
			<Index>41</Index>
			<GroupIndex>-1</GroupIndex>
			<SortOrder>0</SortOrder>
			<FooterSummaryKind>0</FooterSummaryKind>
			<FooterSummaryFormat/>
			<CustomColumnID>45</CustomColumnID>
			<ParameterKey>1_2010</ParameterKey>
			<Caption>Stückliste-Nr.</Caption>
		</GridColumn>
		<GridColumn Key="46">
			<Width>120</Width>
			<Visible>False</Visible>
			<Index>42</Index>
			<GroupIndex>-1</GroupIndex>
			<SortOrder>0</SortOrder>
			<FooterSummaryKind>0</FooterSummaryKind>
			<FooterSummaryFormat/>
			<CustomColumnID>46</CustomColumnID>
			<ParameterKey>1_2011</ParameterKey>
			<Caption>Name Bauteil</Caption>
		</GridColumn>
		<GridColumn Key="47">
			<Width>60</Width>
			<Visible>False</Visible>
			<Index>43</Index>
			<GroupIndex>-1</GroupIndex>
			<SortOrder>0</SortOrder>
			<FooterSummaryKind>0</FooterSummaryKind>
			<FooterSummaryFormat/>
			<CustomColumnID>47</CustomColumnID>
			<ParameterKey>1_2012</ParameterKey>
			<Caption>UID des Bauteils (BTL)</Caption>
		</GridColumn>
		<GridColumn Key="48">
			<Width>60</Width>
			<Visible>False</Visible>
			<Index>44</Index>
			<GroupIndex>-1</GroupIndex>
			<SortOrder>0</SortOrder>
			<FooterSummaryKind>0</FooterSummaryKind>
			<FooterSummaryFormat/>
			<CustomColumnID>48</CustomColumnID>
			<ParameterKey>1_2013</ParameterKey>
			<Caption>WZ-Nr.</Caption>
		</GridColumn>
		<GridColumn Key="49">
			<Width>60</Width>
			<Visible>False</Visible>
			<Index>45</Index>
			<GroupIndex>-1</GroupIndex>
			<SortOrder>0</SortOrder>
			<FooterSummaryKind>0</FooterSummaryKind>
			<FooterSummaryFormat/>
			<CustomColumnID>49</CustomColumnID>
			<ParameterKey>1_2015</ParameterKey>
			<Caption>P4</Caption>
		</GridColumn>
		<GridColumn Key="50">
			<Width>120</Width>
			<Visible>False</Visible>
			<Index>46</Index>
			<GroupIndex>-1</GroupIndex>
			<SortOrder>0</SortOrder>
			<FooterSummaryKind>0</FooterSummaryKind>
			<FooterSummaryFormat/>
			<CustomColumnID>50</CustomColumnID>
			<ParameterKey>1_2016</ParameterKey>
			<Caption>Bemerkung Makro</Caption>
		</GridColumn>
		<GridColumn Key="43">
			<Width>60</Width>
			<Visible>True</Visible>
			<Index>47</Index>
			<GroupIndex>-1</GroupIndex>
			<SortOrder>0</SortOrder>
			<FooterSummaryKind>0</FooterSummaryKind>
			<FooterSummaryFormat/>
			<CustomColumnID>43</CustomColumnID>
			<ParameterKey>2_64</ParameterKey>
			<Caption>Fertigungszeit [hh:mm:ss]</Caption>
		</GridColumn>
		<GridColumn Key="37">
			<Width>60</Width>
			<Visible>False</Visible>
			<Index>48</Index>
			<GroupIndex>-1</GroupIndex>
			<SortOrder>0</SortOrder>
			<FooterSummaryKind>0</FooterSummaryKind>
			<FooterSummaryFormat/>
			<CustomColumnID>37</CustomColumnID>
			<ParameterKey>2_121</ParameterKey>
			<Caption>LKS X-Verschiebung [mm]</Caption>
		</GridColumn>
		<GridColumn Key="38">
			<Width>60</Width>
			<Visible>False</Visible>
			<Index>49</Index>
			<GroupIndex>-1</GroupIndex>
			<SortOrder>0</SortOrder>
			<FooterSummaryKind>0</FooterSummaryKind>
			<FooterSummaryFormat/>
			<CustomColumnID>38</CustomColumnID>
			<ParameterKey>2_122</ParameterKey>
			<Caption>LKS Y-Verschiebung [mm]</Caption>
		</GridColumn>
		<GridColumn Key="39">
			<Width>60</Width>
			<Visible>False</Visible>
			<Index>50</Index>
			<GroupIndex>-1</GroupIndex>
			<SortOrder>0</SortOrder>
			<FooterSummaryKind>0</FooterSummaryKind>
			<FooterSummaryFormat/>
			<CustomColumnID>39</CustomColumnID>
			<ParameterKey>2_123</ParameterKey>
			<Caption>LKS Z-Verschiebung [mm]</Caption>
		</GridColumn>
		<GridColumn Key="51">
			<Width>60</Width>
			<Visible>False</Visible>
			<Index>51</Index>
			<GroupIndex>-1</GroupIndex>
			<SortOrder>0</SortOrder>
			<FooterSummaryKind>0</FooterSummaryKind>
			<FooterSummaryFormat/>
			<CustomColumnID>51</CustomColumnID>
			<ParameterKey>1_2017</ParameterKey>
			<Caption>P5</Caption>
		</GridColumn>
	</cxGridSetting>
	<cxGridSetting Version="1" Name="Marcin" Footer="FALSE">
		<GridColumn Key="12">
			<Width>43</Width>
			<Visible>True</Visible>
			<Index>0</Index>
			<GroupIndex>-1</GroupIndex>
			<SortOrder>1</SortOrder>
			<FooterSummaryKind>0</FooterSummaryKind>
			<FooterSummaryFormat/>
			<CustomColumnID>12</CustomColumnID>
			<ParameterKey>1_8</ParameterKey>
			<Caption>ZeilenNr.</Caption>
		</GridColumn>
		<GridColumn Key="44">
			<Width>80</Width>
			<Visible>True</Visible>
			<Index>1</Index>
			<GroupIndex>-1</GroupIndex>
			<SortOrder>0</SortOrder>
			<FooterSummaryKind>0</FooterSummaryKind>
			<FooterSummaryFormat/>
			<CustomColumnID>44</CustomColumnID>
			<ParameterKey>1_93</ParameterKey>
			<Caption>Kollisionsprüfung</Caption>
		</GridColumn>
		<GridColumn Key="0">
			<Width>120</Width>
			<Visible>False</Visible>
			<Index>2</Index>
			<GroupIndex>-1</GroupIndex>
			<SortOrder>0</SortOrder>
			<FooterSummaryKind>0</FooterSummaryKind>
			<FooterSummaryFormat/>
			<CustomColumnID>0</CustomColumnID>
			<ParameterKey>1_2</ParameterKey>
			<Caption>Bearbeitung</Caption>
		</GridColumn>
		<GridColumn Key="1">
			<Width>69</Width>
			<Visible>True</Visible>
			<Index>3</Index>
			<GroupIndex>-1</GroupIndex>
			<SortOrder>0</SortOrder>
			<FooterSummaryKind>0</FooterSummaryKind>
			<FooterSummaryFormat/>
			<CustomColumnID>1</CustomColumnID>
			<ParameterKey>1_2003</ParameterKey>
			<Caption>Bearbeitung-Kennung</Caption>
		</GridColumn>
		<GridColumn Key="2">
			<Width>105</Width>
			<Visible>True</Visible>
			<Index>4</Index>
			<GroupIndex>-1</GroupIndex>
			<SortOrder>0</SortOrder>
			<FooterSummaryKind>0</FooterSummaryKind>
			<FooterSummaryFormat/>
			<CustomColumnID>2</CustomColumnID>
			<ParameterKey>1_2001</ParameterKey>
			<Caption>Bearbeitung-Bezeichnung</Caption>
		</GridColumn>
		<GridColumn Key="3">
			<Width>73</Width>
			<Visible>True</Visible>
			<Index>5</Index>
			<GroupIndex>-1</GroupIndex>
			<SortOrder>0</SortOrder>
			<FooterSummaryKind>0</FooterSummaryKind>
			<FooterSummaryFormat/>
			<CustomColumnID>3</CustomColumnID>
			<ParameterKey>1_2002</ParameterKey>
			<Caption>Bearbeitung-Nr.</Caption>
		</GridColumn>
		<GridColumn Key="4">
			<Width>38</Width>
			<Visible>False</Visible>
			<Index>6</Index>
			<GroupIndex>-1</GroupIndex>
			<SortOrder>0</SortOrder>
			<FooterSummaryKind>0</FooterSummaryKind>
			<FooterSummaryFormat/>
			<CustomColumnID>4</CustomColumnID>
			<ParameterKey>1_1001</ParameterKey>
			<Caption>Produktions-Nr.</Caption>
		</GridColumn>
		<GridColumn Key="5">
			<Width>47</Width>
			<Visible>True</Visible>
			<Index>7</Index>
			<GroupIndex>-1</GroupIndex>
			<SortOrder>0</SortOrder>
			<FooterSummaryKind>0</FooterSummaryKind>
			<FooterSummaryFormat/>
			<CustomColumnID>5</CustomColumnID>
			<ParameterKey>1_0</ParameterKey>
			<Caption>Makro</Caption>
		</GridColumn>
		<GridColumn Key="6">
			<Width>223</Width>
			<Visible>True</Visible>
			<Index>8</Index>
			<GroupIndex>-1</GroupIndex>
			<SortOrder>0</SortOrder>
			<FooterSummaryKind>0</FooterSummaryKind>
			<FooterSummaryFormat/>
			<CustomColumnID>6</CustomColumnID>
			<ParameterKey>1_3</ParameterKey>
			<Caption>WZ-Nr.</Caption>
		</GridColumn>
		<GridColumn Key="7">
			<Width>43</Width>
			<Visible>True</Visible>
			<Index>9</Index>
			<GroupIndex>-1</GroupIndex>
			<SortOrder>0</SortOrder>
			<FooterSummaryKind>0</FooterSummaryKind>
			<FooterSummaryFormat/>
			<CustomColumnID>7</CustomColumnID>
			<ParameterKey>1_7</ParameterKey>
			<Caption>Lage</Caption>
		</GridColumn>
		<GridColumn Key="19">
			<Width>60</Width>
			<Visible>True</Visible>
			<Index>10</Index>
			<GroupIndex>-1</GroupIndex>
			<SortOrder>0</SortOrder>
			<FooterSummaryKind>0</FooterSummaryKind>
			<FooterSummaryFormat/>
			<CustomColumnID>19</CustomColumnID>
			<ParameterKey>1_83</ParameterKey>
			<Caption>ML/GL</Caption>
		</GridColumn>
		<GridColumn Key="8">
			<Width>60</Width>
			<Visible>False</Visible>
			<Index>11</Index>
			<GroupIndex>-1</GroupIndex>
			<SortOrder>0</SortOrder>
			<FooterSummaryKind>0</FooterSummaryKind>
			<FooterSummaryFormat/>
			<CustomColumnID>8</CustomColumnID>
			<ParameterKey>1_66</ParameterKey>
			<Caption>Zyklus</Caption>
		</GridColumn>
		<GridColumn Key="9">
			<Width>60</Width>
			<Visible>False</Visible>
			<Index>12</Index>
			<GroupIndex>-1</GroupIndex>
			<SortOrder>0</SortOrder>
			<FooterSummaryKind>0</FooterSummaryKind>
			<FooterSummaryFormat/>
			<CustomColumnID>9</CustomColumnID>
			<ParameterKey>2_107</ParameterKey>
			<Caption>Tiefe [mm]</Caption>
		</GridColumn>
		<GridColumn Key="10">
			<Width>60</Width>
			<Visible>False</Visible>
			<Index>13</Index>
			<GroupIndex>-1</GroupIndex>
			<SortOrder>0</SortOrder>
			<FooterSummaryKind>0</FooterSummaryKind>
			<FooterSummaryFormat/>
			<CustomColumnID>10</CustomColumnID>
			<ParameterKey>2_113</ParameterKey>
			<Caption>Tiefe 2 [mm]</Caption>
		</GridColumn>
		<GridColumn Key="11">
			<Width>65</Width>
			<Visible>True</Visible>
			<Index>14</Index>
			<GroupIndex>-1</GroupIndex>
			<SortOrder>0</SortOrder>
			<FooterSummaryKind>0</FooterSummaryKind>
			<FooterSummaryFormat/>
			<CustomColumnID>11</CustomColumnID>
			<ParameterKey>1_61</ParameterKey>
			<Caption>Spannbild</Caption>
		</GridColumn>
		<GridColumn Key="13">
			<Width>60</Width>
			<Visible>False</Visible>
			<Index>15</Index>
			<GroupIndex>-1</GroupIndex>
			<SortOrder>0</SortOrder>
			<FooterSummaryKind>0</FooterSummaryKind>
			<FooterSummaryFormat/>
			<CustomColumnID>13</CustomColumnID>
			<ParameterKey>2_6</ParameterKey>
			<Caption>A [deg]</Caption>
		</GridColumn>
		<GridColumn Key="14">
			<Width>60</Width>
			<Visible>False</Visible>
			<Index>16</Index>
			<GroupIndex>-1</GroupIndex>
			<SortOrder>0</SortOrder>
			<FooterSummaryKind>0</FooterSummaryKind>
			<FooterSummaryFormat/>
			<CustomColumnID>14</CustomColumnID>
			<ParameterKey>2_8</ParameterKey>
			<Caption>C [deg]</Caption>
		</GridColumn>
		<GridColumn Key="15">
			<Width>60</Width>
			<Visible>False</Visible>
			<Index>17</Index>
			<GroupIndex>-1</GroupIndex>
			<SortOrder>0</SortOrder>
			<FooterSummaryKind>0</FooterSummaryKind>
			<FooterSummaryFormat/>
			<CustomColumnID>15</CustomColumnID>
			<ParameterKey>1_94</ParameterKey>
			<Caption>SW-Wahl</Caption>
		</GridColumn>
		<GridColumn Key="16">
			<Width>60</Width>
			<Visible>False</Visible>
			<Index>18</Index>
			<GroupIndex>-1</GroupIndex>
			<SortOrder>0</SortOrder>
			<FooterSummaryKind>0</FooterSummaryKind>
			<FooterSummaryFormat/>
			<CustomColumnID>16</CustomColumnID>
			<ParameterKey>2_15</ParameterKey>
			<Caption>A-altern. [deg]</Caption>
		</GridColumn>
		<GridColumn Key="17">
			<Width>60</Width>
			<Visible>False</Visible>
			<Index>19</Index>
			<GroupIndex>-1</GroupIndex>
			<SortOrder>0</SortOrder>
			<FooterSummaryKind>0</FooterSummaryKind>
			<FooterSummaryFormat/>
			<CustomColumnID>17</CustomColumnID>
			<ParameterKey>2_17</ParameterKey>
			<Caption>C-altern. [deg]</Caption>
		</GridColumn>
		<GridColumn Key="18">
			<Width>54</Width>
			<Visible>True</Visible>
			<Index>20</Index>
			<GroupIndex>-1</GroupIndex>
			<SortOrder>0</SortOrder>
			<FooterSummaryKind>0</FooterSummaryKind>
			<FooterSummaryFormat/>
			<CustomColumnID>18</CustomColumnID>
			<ParameterKey>3_52</ParameterKey>
			<Caption>Ein/Aus</Caption>
		</GridColumn>
		<GridColumn Key="20">
			<Width>60</Width>
			<Visible>False</Visible>
			<Index>21</Index>
			<GroupIndex>-1</GroupIndex>
			<SortOrder>0</SortOrder>
			<FooterSummaryKind>0</FooterSummaryKind>
			<FooterSummaryFormat/>
			<CustomColumnID>20</CustomColumnID>
			<ParameterKey>1_78</ParameterKey>
			<Caption>Flag</Caption>
		</GridColumn>
		<GridColumn Key="21">
			<Width>60</Width>
			<Visible>True</Visible>
			<Index>22</Index>
			<GroupIndex>-1</GroupIndex>
			<SortOrder>0</SortOrder>
			<FooterSummaryKind>0</FooterSummaryKind>
			<FooterSummaryFormat/>
			<CustomColumnID>21</CustomColumnID>
			<ParameterKey>1_63</ParameterKey>
			<Caption>M0</Caption>
		</GridColumn>
		<GridColumn Key="22">
			<Width>60</Width>
			<Visible>False</Visible>
			<Index>23</Index>
			<GroupIndex>-1</GroupIndex>
			<SortOrder>0</SortOrder>
			<FooterSummaryKind>0</FooterSummaryKind>
			<FooterSummaryFormat/>
			<CustomColumnID>22</CustomColumnID>
			<ParameterKey>1_67</ParameterKey>
			<Caption>Spindel-Nr</Caption>
		</GridColumn>
		<GridColumn Key="24">
			<Width>60</Width>
			<Visible>False</Visible>
			<Index>24</Index>
			<GroupIndex>-1</GroupIndex>
			<SortOrder>0</SortOrder>
			<FooterSummaryKind>0</FooterSummaryKind>
			<FooterSummaryFormat/>
			<CustomColumnID>24</CustomColumnID>
			<ParameterKey>2_0</ParameterKey>
			<Caption>LKS X [mm]</Caption>
		</GridColumn>
		<GridColumn Key="25">
			<Width>60</Width>
			<Visible>False</Visible>
			<Index>25</Index>
			<GroupIndex>-1</GroupIndex>
			<SortOrder>0</SortOrder>
			<FooterSummaryKind>0</FooterSummaryKind>
			<FooterSummaryFormat/>
			<CustomColumnID>25</CustomColumnID>
			<ParameterKey>2_1</ParameterKey>
			<Caption>LKS Y [mm]</Caption>
		</GridColumn>
		<GridColumn Key="26">
			<Width>60</Width>
			<Visible>False</Visible>
			<Index>26</Index>
			<GroupIndex>-1</GroupIndex>
			<SortOrder>0</SortOrder>
			<FooterSummaryKind>0</FooterSummaryKind>
			<FooterSummaryFormat/>
			<CustomColumnID>26</CustomColumnID>
			<ParameterKey>2_2</ParameterKey>
			<Caption>LKS Z [mm]</Caption>
		</GridColumn>
		<GridColumn Key="23">
			<Width>60</Width>
			<Visible>False</Visible>
			<Index>27</Index>
			<GroupIndex>-1</GroupIndex>
			<SortOrder>0</SortOrder>
			<FooterSummaryKind>0</FooterSummaryKind>
			<FooterSummaryFormat/>
			<CustomColumnID>23</CustomColumnID>
			<ParameterKey>3_97</ParameterKey>
			<Caption>Berührungstaster</Caption>
		</GridColumn>
		<GridColumn Key="27">
			<Width>60</Width>
			<Visible>False</Visible>
			<Index>28</Index>
			<GroupIndex>-1</GroupIndex>
			<SortOrder>0</SortOrder>
			<FooterSummaryKind>0</FooterSummaryKind>
			<FooterSummaryFormat/>
			<CustomColumnID>27</CustomColumnID>
			<ParameterKey>1_57</ParameterKey>
			<Caption>Bauteil in Stange</Caption>
		</GridColumn>
		<GridColumn Key="28">
			<Width>60</Width>
			<Visible>False</Visible>
			<Index>29</Index>
			<GroupIndex>-1</GroupIndex>
			<SortOrder>0</SortOrder>
			<FooterSummaryKind>0</FooterSummaryKind>
			<FooterSummaryFormat/>
			<CustomColumnID>28</CustomColumnID>
			<ParameterKey>2_1001</ParameterKey>
			<Caption>P11 [mm]</Caption>
		</GridColumn>
		<GridColumn Key="29">
			<Width>60</Width>
			<Visible>False</Visible>
			<Index>30</Index>
			<GroupIndex>-1</GroupIndex>
			<SortOrder>0</SortOrder>
			<FooterSummaryKind>0</FooterSummaryKind>
			<FooterSummaryFormat/>
			<CustomColumnID>29</CustomColumnID>
			<ParameterKey>2_1002</ParameterKey>
			<Caption>P12 [mm]</Caption>
		</GridColumn>
		<GridColumn Key="30">
			<Width>60</Width>
			<Visible>False</Visible>
			<Index>31</Index>
			<GroupIndex>-1</GroupIndex>
			<SortOrder>0</SortOrder>
			<FooterSummaryKind>0</FooterSummaryKind>
			<FooterSummaryFormat/>
			<CustomColumnID>30</CustomColumnID>
			<ParameterKey>2_1004</ParameterKey>
			<Caption>P13</Caption>
		</GridColumn>
		<GridColumn Key="31">
			<Width>60</Width>
			<Visible>False</Visible>
			<Index>32</Index>
			<GroupIndex>-1</GroupIndex>
			<SortOrder>0</SortOrder>
			<FooterSummaryKind>0</FooterSummaryKind>
			<FooterSummaryFormat/>
			<CustomColumnID>31</CustomColumnID>
			<ParameterKey>1_2004</ParameterKey>
			<Caption>Makro forciert</Caption>
		</GridColumn>
		<GridColumn Key="32">
			<Width>60</Width>
			<Visible>False</Visible>
			<Index>33</Index>
			<GroupIndex>-1</GroupIndex>
			<SortOrder>0</SortOrder>
			<FooterSummaryKind>0</FooterSummaryKind>
			<FooterSummaryFormat/>
			<CustomColumnID>32</CustomColumnID>
			<ParameterKey>1_2005</ParameterKey>
			<Caption>Werkzeug forciert</Caption>
		</GridColumn>
		<GridColumn Key="33">
			<Width>60</Width>
			<Visible>False</Visible>
			<Index>34</Index>
			<GroupIndex>-1</GroupIndex>
			<SortOrder>0</SortOrder>
			<FooterSummaryKind>0</FooterSummaryKind>
			<FooterSummaryFormat/>
			<CustomColumnID>33</CustomColumnID>
			<ParameterKey>2_1003</ParameterKey>
			<Caption>Ueberhöhung [mm]</Caption>
		</GridColumn>
		<GridColumn Key="34">
			<Width>68</Width>
			<Visible>True</Visible>
			<Index>35</Index>
			<GroupIndex>-1</GroupIndex>
			<SortOrder>0</SortOrder>
			<FooterSummaryKind>0</FooterSummaryKind>
			<FooterSummaryFormat/>
			<CustomColumnID>34</CustomColumnID>
			<ParameterKey>2_94</ParameterKey>
			<Caption>X Startpunkt Makro [mm]</Caption>
		</GridColumn>
		<GridColumn Key="35">
			<Width>70</Width>
			<Visible>True</Visible>
			<Index>36</Index>
			<GroupIndex>-1</GroupIndex>
			<SortOrder>0</SortOrder>
			<FooterSummaryKind>0</FooterSummaryKind>
			<FooterSummaryFormat/>
			<CustomColumnID>35</CustomColumnID>
			<ParameterKey>2_95</ParameterKey>
			<Caption>Y Startpunkt Makro [mm]</Caption>
		</GridColumn>
		<GridColumn Key="36">
			<Width>60</Width>
			<Visible>False</Visible>
			<Index>37</Index>
			<GroupIndex>-1</GroupIndex>
			<SortOrder>0</SortOrder>
			<FooterSummaryKind>0</FooterSummaryKind>
			<FooterSummaryFormat/>
			<CustomColumnID>36</CustomColumnID>
			<ParameterKey>2_96</ParameterKey>
			<Caption>Z Startpunkt Makro [mm]</Caption>
		</GridColumn>
		<GridColumn Key="40">
			<Width>120</Width>
			<Visible>False</Visible>
			<Index>38</Index>
			<GroupIndex>-1</GroupIndex>
			<SortOrder>0</SortOrder>
			<FooterSummaryKind>0</FooterSummaryKind>
			<FooterSummaryFormat/>
			<CustomColumnID>40</CustomColumnID>
			<ParameterKey>1_2006</ParameterKey>
			<Caption>Kommentar Bearbeitung</Caption>
		</GridColumn>
		<GridColumn Key="41">
			<Width>120</Width>
			<Visible>False</Visible>
			<Index>39</Index>
			<GroupIndex>-1</GroupIndex>
			<SortOrder>0</SortOrder>
			<FooterSummaryKind>0</FooterSummaryKind>
			<FooterSummaryFormat/>
			<CustomColumnID>41</CustomColumnID>
			<ParameterKey>1_2007</ParameterKey>
			<Caption>Name Bearbeitung frei</Caption>
		</GridColumn>
		<GridColumn Key="42">
			<Width>60</Width>
			<Visible>False</Visible>
			<Index>40</Index>
			<GroupIndex>-1</GroupIndex>
			<SortOrder>0</SortOrder>
			<FooterSummaryKind>0</FooterSummaryKind>
			<FooterSummaryFormat/>
			<CustomColumnID>42</CustomColumnID>
			<ParameterKey>1_2008</ParameterKey>
			<Caption>Priorität</Caption>
		</GridColumn>
		<GridColumn Key="45">
			<Width>60</Width>
			<Visible>False</Visible>
			<Index>41</Index>
			<GroupIndex>-1</GroupIndex>
			<SortOrder>0</SortOrder>
			<FooterSummaryKind>0</FooterSummaryKind>
			<FooterSummaryFormat/>
			<CustomColumnID>45</CustomColumnID>
			<ParameterKey>1_2010</ParameterKey>
			<Caption>Stückliste-Nr.</Caption>
		</GridColumn>
		<GridColumn Key="46">
			<Width>120</Width>
			<Visible>False</Visible>
			<Index>42</Index>
			<GroupIndex>-1</GroupIndex>
			<SortOrder>0</SortOrder>
			<FooterSummaryKind>0</FooterSummaryKind>
			<FooterSummaryFormat/>
			<CustomColumnID>46</CustomColumnID>
			<ParameterKey>1_2011</ParameterKey>
			<Caption>Name Bauteil</Caption>
		</GridColumn>
		<GridColumn Key="47">
			<Width>60</Width>
			<Visible>False</Visible>
			<Index>43</Index>
			<GroupIndex>-1</GroupIndex>
			<SortOrder>0</SortOrder>
			<FooterSummaryKind>0</FooterSummaryKind>
			<FooterSummaryFormat/>
			<CustomColumnID>47</CustomColumnID>
			<ParameterKey>1_2012</ParameterKey>
			<Caption>UID des Bauteils (BTL)</Caption>
		</GridColumn>
		<GridColumn Key="48">
			<Width>60</Width>
			<Visible>False</Visible>
			<Index>44</Index>
			<GroupIndex>-1</GroupIndex>
			<SortOrder>0</SortOrder>
			<FooterSummaryKind>0</FooterSummaryKind>
			<FooterSummaryFormat/>
			<CustomColumnID>48</CustomColumnID>
			<ParameterKey>1_2013</ParameterKey>
			<Caption>WZ-Nr.</Caption>
		</GridColumn>
		<GridColumn Key="49">
			<Width>60</Width>
			<Visible>False</Visible>
			<Index>45</Index>
			<GroupIndex>-1</GroupIndex>
			<SortOrder>0</SortOrder>
			<FooterSummaryKind>0</FooterSummaryKind>
			<FooterSummaryFormat/>
			<CustomColumnID>49</CustomColumnID>
			<ParameterKey>1_2015</ParameterKey>
			<Caption>P4</Caption>
		</GridColumn>
		<GridColumn Key="50">
			<Width>120</Width>
			<Visible>False</Visible>
			<Index>46</Index>
			<GroupIndex>-1</GroupIndex>
			<SortOrder>0</SortOrder>
			<FooterSummaryKind>0</FooterSummaryKind>
			<FooterSummaryFormat/>
			<CustomColumnID>50</CustomColumnID>
			<ParameterKey>1_2016</ParameterKey>
			<Caption>Bemerkung Makro</Caption>
		</GridColumn>
		<GridColumn Key="43">
			<Width>60</Width>
			<Visible>True</Visible>
			<Index>47</Index>
			<GroupIndex>-1</GroupIndex>
			<SortOrder>0</SortOrder>
			<FooterSummaryKind>0</FooterSummaryKind>
			<FooterSummaryFormat/>
			<CustomColumnID>43</CustomColumnID>
			<ParameterKey>2_64</ParameterKey>
			<Caption>Fertigungszeit [hh:mm:ss]</Caption>
		</GridColumn>
		<GridColumn Key="37">
			<Width>60</Width>
			<Visible>False</Visible>
			<Index>48</Index>
			<GroupIndex>-1</GroupIndex>
			<SortOrder>0</SortOrder>
			<FooterSummaryKind>0</FooterSummaryKind>
			<FooterSummaryFormat/>
			<CustomColumnID>37</CustomColumnID>
			<ParameterKey>2_121</ParameterKey>
			<Caption>LKS X-Verschiebung [mm]</Caption>
		</GridColumn>
		<GridColumn Key="38">
			<Width>60</Width>
			<Visible>False</Visible>
			<Index>49</Index>
			<GroupIndex>-1</GroupIndex>
			<SortOrder>0</SortOrder>
			<FooterSummaryKind>0</FooterSummaryKind>
			<FooterSummaryFormat/>
			<CustomColumnID>38</CustomColumnID>
			<ParameterKey>2_122</ParameterKey>
			<Caption>LKS Y-Verschiebung [mm]</Caption>
		</GridColumn>
		<GridColumn Key="39">
			<Width>60</Width>
			<Visible>False</Visible>
			<Index>50</Index>
			<GroupIndex>-1</GroupIndex>
			<SortOrder>0</SortOrder>
			<FooterSummaryKind>0</FooterSummaryKind>
			<FooterSummaryFormat/>
			<CustomColumnID>39</CustomColumnID>
			<ParameterKey>2_123</ParameterKey>
			<Caption>LKS Z-Verschiebung [mm]</Caption>
		</GridColumn>
		<GridColumn Key="51">
			<Width>60</Width>
			<Visible>False</Visible>
			<Index>51</Index>
			<GroupIndex>-1</GroupIndex>
			<SortOrder>0</SortOrder>
			<FooterSummaryKind>0</FooterSummaryKind>
			<FooterSummaryFormat/>
			<CustomColumnID>51</CustomColumnID>
			<ParameterKey>1_2017</ParameterKey>
			<Caption>P5</Caption>
		</GridColumn>
	</cxGridSetting>
</cxGridSettings>