<?xml version="1.0" encoding="UTF-8" standalone="yes"?>
<!--LastModified with Version 16.8.654.64076-->
<!--LastModified on 14.12.2022 16:08:35-->
<!--LastModified by winuser Marcel Duong-->
<!--LastModified from XAM C:\ProgramData\lignocam_temp\Lignocam_Temp_Projects_20221214\Lignocam V16 Beta-project(24).XAM-->
<DATA_TOOLS I_ID="10" I_VERSION="3002" I_COUNT="44" I_SAVESTYLE="0">
	<TOOL COMMENT="10 : Säge D1000x 8.0/6.0 Z48 HW">
		<IDENTITY>
			<S_NAME>Säge D1000x 8.0/6.0 Z48 HW</S_NAME>
			<S_BEME></S_BEME>
			<I_NUMM>10</I_NUMM>
			<I_GRUP>1</I_GRUP>
			<I_ACTIVE>1</I_ACTIVE>
		</IDENTITY>
		<MECHANICAL>
			<I_MAGA>0</I_MAGA>
			<I_LAGE>1</I_LAGE>
			<I_MANCH>0</I_MANCH>
			<I_PARD>0</I_PARD>
		</MECHANICAL>
		<GEOMETRIC>
			<D_DURC>1000</D_DURC>
			<D_LAEN>74.7</D_LAEN>
			<D_SDUR>220</D_SDUR>
			<D_SLAE>68.7</D_SLAE>
			<D_BLAE>6</D_BLAE>
			<D_FDUR>0</D_FDUR>
			<D_FLAE>0</D_FLAE>
			<D_DRZ1>750</D_DRZ1>
			<D_AMIN>-0.001745</D_AMIN>
			<D_AMAX>1.58825</D_AMAX>
			<D_CMIN>0</D_CMIN>
			<D_CMAX>0</D_CMAX>
		</GEOMETRIC>
		<TECHNOLOGIC>
			<PROFILE_STANDARD>
				<TECHNOLOGIC_EXCEPTION_STANDARD>
					<I_MAKR>0</I_MAKR>
					<D_V0RS>8000</D_V0RS>
					<D_DREH>1400</D_DREH>
					<D_RED1>0.5</D_RED1>
					<D_SPAN>100</D_SPAN>
					<D_RSPAN>1</D_RSPAN>
					<D_NOTCH>100</D_NOTCH>
					<I_41_42>0</I_41_42>
				</TECHNOLOGIC_EXCEPTION_STANDARD>
			</PROFILE_STANDARD>
		</TECHNOLOGIC>
	</TOOL>
	<TOOL COMMENT="18 : Säge D800x 6.0/4.0 Z50 HW">
		<IDENTITY>
			<S_NAME>Säge D800x 6.0/4.0 Z50 HW</S_NAME>
			<S_BEME></S_BEME>
			<I_NUMM>18</I_NUMM>
			<I_GRUP>1</I_GRUP>
			<I_ACTIVE>1</I_ACTIVE>
		</IDENTITY>
		<MECHANICAL>
			<I_MAGA>0</I_MAGA>
			<I_LAGE>1</I_LAGE>
			<I_MANCH>0</I_MANCH>
			<I_PARD>0</I_PARD>
		</MECHANICAL>
		<GEOMETRIC>
			<D_DURC>800</D_DURC>
			<D_LAEN>75</D_LAEN>
			<D_SDUR>180</D_SDUR>
			<D_SLAE>70</D_SLAE>
			<D_BLAE>5</D_BLAE>
			<D_FDUR>0</D_FDUR>
			<D_FLAE>0</D_FLAE>
			<D_DRZ1>750</D_DRZ1>
			<D_AMIN>-0.001745</D_AMIN>
			<D_AMAX>1.58825</D_AMAX>
			<D_CMIN>0</D_CMIN>
			<D_CMAX>0</D_CMAX>
		</GEOMETRIC>
		<TECHNOLOGIC>
			<PROFILE_STANDARD>
				<TECHNOLOGIC_EXCEPTION_STANDARD>
					<I_MAKR>0</I_MAKR>
					<D_V0RS>8000</D_V0RS>
					<D_DREH>1500</D_DREH>
					<D_RED1>0.5</D_RED1>
					<D_SPAN>100</D_SPAN>
					<D_RSPAN>1</D_RSPAN>
					<D_NOTCH>100</D_NOTCH>
					<I_41_42>0</I_41_42>
				</TECHNOLOGIC_EXCEPTION_STANDARD>
			</PROFILE_STANDARD>
		</TECHNOLOGIC>
	</TOOL>
	<TOOL COMMENT="26 : Säge D650x6.0/4.0 Z40 HW, längs+quer">
		<IDENTITY>
			<S_NAME>Säge D650x6.0/4.0 Z40 HW, längs+quer</S_NAME>
			<S_BEME></S_BEME>
			<I_NUMM>26</I_NUMM>
			<I_GRUP>1</I_GRUP>
			<I_ACTIVE>1</I_ACTIVE>
		</IDENTITY>
		<MECHANICAL>
			<I_MAGA>0</I_MAGA>
			<I_LAGE>1</I_LAGE>
			<I_MANCH>0</I_MANCH>
			<I_PARD>0</I_PARD>
		</MECHANICAL>
		<GEOMETRIC>
			<D_DURC>646</D_DURC>
			<D_LAEN>75</D_LAEN>
			<D_SDUR>180</D_SDUR>
			<D_SLAE>69</D_SLAE>
			<D_BLAE>6</D_BLAE>
			<D_FDUR>0</D_FDUR>
			<D_FLAE>0</D_FLAE>
			<D_DRZ1>1250</D_DRZ1>
			<D_AMIN>-0.001745</D_AMIN>
			<D_AMAX>1.572542</D_AMAX>
			<D_CMIN>0</D_CMIN>
			<D_CMAX>0</D_CMAX>
		</GEOMETRIC>
		<TECHNOLOGIC>
			<PROFILE_STANDARD>
				<TECHNOLOGIC_EXCEPTION_STANDARD>
					<I_MAKR>0</I_MAKR>
					<D_V0RS>10000</D_V0RS>
					<D_DREH>2500</D_DREH>
					<D_RED1>0.5</D_RED1>
					<D_SPAN>200</D_SPAN>
					<D_RSPAN>1</D_RSPAN>
					<D_NOTCH>200</D_NOTCH>
					<I_41_42>0</I_41_42>
				</TECHNOLOGIC_EXCEPTION_STANDARD>
			</PROFILE_STANDARD>
		</TECHNOLOGIC>
	</TOOL>
	<TOOL COMMENT="34 : Säge 400 längs">
		<IDENTITY>
			<S_NAME>Säge 400 längs</S_NAME>
			<S_BEME></S_BEME>
			<I_NUMM>34</I_NUMM>
			<I_GRUP>1</I_GRUP>
			<I_ACTIVE>1</I_ACTIVE>
		</IDENTITY>
		<MECHANICAL>
			<I_MAGA>0</I_MAGA>
			<I_LAGE>1</I_LAGE>
			<I_MANCH>0</I_MANCH>
			<I_PARD>0</I_PARD>
		</MECHANICAL>
		<GEOMETRIC>
			<D_DURC>400</D_DURC>
			<D_LAEN>103.5</D_LAEN>
			<D_SDUR>100</D_SDUR>
			<D_SLAE>99.3</D_SLAE>
			<D_BLAE>4.2</D_BLAE>
			<D_FDUR>0</D_FDUR>
			<D_FLAE>0</D_FLAE>
			<D_DRZ1>750</D_DRZ1>
			<D_AMIN>-0.001745</D_AMIN>
			<D_AMAX>1.572542</D_AMAX>
			<D_CMIN>0</D_CMIN>
			<D_CMAX>0</D_CMAX>
		</GEOMETRIC>
		<TECHNOLOGIC>
			<PROFILE_STANDARD>
				<TECHNOLOGIC_EXCEPTION_STANDARD>
					<I_MAKR>0</I_MAKR>
					<D_V0RS>2500</D_V0RS>
					<D_DREH>3900</D_DREH>
					<D_RED1>0.5</D_RED1>
					<D_SPAN>105</D_SPAN>
					<D_RSPAN>1</D_RSPAN>
					<D_NOTCH>100</D_NOTCH>
					<I_41_42>0</I_41_42>
				</TECHNOLOGIC_EXCEPTION_STANDARD>
			</PROFILE_STANDARD>
		</TECHNOLOGIC>
	</TOOL>
	<TOOL COMMENT="86 : Bohrer D30x460 HSS">
		<IDENTITY>
			<S_NAME>Bohrer D30x460 HSS</S_NAME>
			<S_BEME></S_BEME>
			<I_NUMM>86</I_NUMM>
			<I_GRUP>2</I_GRUP>
			<I_ACTIVE>1</I_ACTIVE>
		</IDENTITY>
		<MECHANICAL>
			<I_MAGA>0</I_MAGA>
			<I_LAGE>1</I_LAGE>
			<I_MANCH>0</I_MANCH>
			<I_PARD>0</I_PARD>
		</MECHANICAL>
		<GEOMETRIC>
			<D_DURC>30</D_DURC>
			<D_LAEN>595</D_LAEN>
			<D_SDUR>80</D_SDUR>
			<D_SLAE>101</D_SLAE>
			<D_S2DUR1>0</D_S2DUR1>
			<D_S2DUR2>0</D_S2DUR2>
			<D_S2LAE>0</D_S2LAE>
			<D_BLAE>460</D_BLAE>
			<D_PEAK>12</D_PEAK>
			<D_CYCLE>0</D_CYCLE>
			<I_RSEL>0</I_RSEL>
			<D_AMIN>-0.001745</D_AMIN>
			<D_AMAX>1.572542</D_AMAX>
			<D_CMIN>0</D_CMIN>
			<D_CMAX>0</D_CMAX>
		</GEOMETRIC>
		<TECHNOLOGIC>
			<PROFILE_STANDARD>
				<TECHNOLOGIC_EXCEPTION_STANDARD>
					<I_MAKR>0</I_MAKR>
					<D_V0RS>3000</D_V0RS>
					<D_DREH>1800</D_DREH>
					<D_RED1>0</D_RED1>
					<D_RED2>0</D_RED2>
					<D_RED3>0</D_RED3>
					<D_ESTI>60</D_ESTI>
				</TECHNOLOGIC_EXCEPTION_STANDARD>
			</PROFILE_STANDARD>
		</TECHNOLOGIC>
	</TOOL>
	<TOOL COMMENT="108 : Helicut D350x60 HW Z4/4">
		<IDENTITY>
			<S_NAME>Helicut D350x60 HW Z4/4</S_NAME>
			<S_BEME></S_BEME>
			<I_NUMM>108</I_NUMM>
			<I_GRUP>3</I_GRUP>
			<I_ACTIVE>1</I_ACTIVE>
		</IDENTITY>
		<MECHANICAL>
			<I_MAGA>0</I_MAGA>
			<I_LAGE>1</I_LAGE>
			<I_MANCH>0</I_MANCH>
			<I_PARD>0</I_PARD>
		</MECHANICAL>
		<GEOMETRIC>
			<D_DURC>350</D_DURC>
			<D_LAEN>205</D_LAEN>
			<D_SDUR>80</D_SDUR>
			<D_SLAE>145</D_SLAE>
			<D_S2DUR1>0</D_S2DUR1>
			<D_S2DUR2>0</D_S2DUR2>
			<D_S2LAE>0</D_S2LAE>
			<D_BLAE>60</D_BLAE>
			<D_FDUR>0</D_FDUR>
			<D_FLAE>0</D_FLAE>
			<I_STSC>1</I_STSC>
			<D_FLWI>0</D_FLWI>
			<D_KURA>0</D_KURA>
			<D_RLE1>0</D_RLE1>
			<D_RDI1>0</D_RDI1>
			<D_CUTLENGTH2>0</D_CUTLENGTH2>
			<D_AMIN>-0.001745</D_AMIN>
			<D_AMAX>2.094395</D_AMAX>
			<D_CMIN>0</D_CMIN>
			<D_CMAX>0</D_CMAX>
			<D_DRZ1>1</D_DRZ1>
		</GEOMETRIC>
		<TECHNOLOGIC>
			<PROFILE_STANDARD>
				<TECHNOLOGIC_EXCEPTION_STANDARD>
					<I_MAKR>0</I_MAKR>
					<D_V0RS>1000</D_V0RS>
					<D_DREH>4600</D_DREH>
					<D_RED1>0.5</D_RED1>
					<D_ESTI>60</D_ESTI>
					<D_SPAN>40</D_SPAN>
					<D_OFFSETWORK>0</D_OFFSETWORK>
					<D_RPL1>0</D_RPL1>
					<I_41_42>0</I_41_42>
					<D_RAMP_O>30</D_RAMP_O>
					<D_RAMP_M>90</D_RAMP_M>
					<D_HELIX_DIA>1.25</D_HELIX_DIA>
					<D_NEXT_FEED>1</D_NEXT_FEED>
				</TECHNOLOGIC_EXCEPTION_STANDARD>
			</PROFILE_STANDARD>
		</TECHNOLOGIC>
	</TOOL>
	<TOOL COMMENT="116 : Helicut D350x20 HW Z4/4">
		<IDENTITY>
			<S_NAME>Helicut D350x20 HW Z4/4</S_NAME>
			<S_BEME></S_BEME>
			<I_NUMM>116</I_NUMM>
			<I_GRUP>3</I_GRUP>
			<I_ACTIVE>1</I_ACTIVE>
		</IDENTITY>
		<MECHANICAL>
			<I_MAGA>0</I_MAGA>
			<I_LAGE>1</I_LAGE>
			<I_MANCH>0</I_MANCH>
			<I_PARD>0</I_PARD>
		</MECHANICAL>
		<GEOMETRIC>
			<D_DURC>350</D_DURC>
			<D_LAEN>198</D_LAEN>
			<D_SDUR>80</D_SDUR>
			<D_SLAE>178</D_SLAE>
			<D_S2DUR1>0</D_S2DUR1>
			<D_S2DUR2>0</D_S2DUR2>
			<D_S2LAE>0</D_S2LAE>
			<D_BLAE>20</D_BLAE>
			<D_FDUR>0</D_FDUR>
			<D_FLAE>0</D_FLAE>
			<I_STSC>1</I_STSC>
			<D_FLWI>0</D_FLWI>
			<D_KURA>0</D_KURA>
			<D_RLE1>0</D_RLE1>
			<D_RDI1>0</D_RDI1>
			<D_CUTLENGTH2>0</D_CUTLENGTH2>
			<D_AMIN>-0.001745</D_AMIN>
			<D_AMAX>2.094395</D_AMAX>
			<D_CMIN>0</D_CMIN>
			<D_CMAX>0</D_CMAX>
			<D_DRZ1>1</D_DRZ1>
		</GEOMETRIC>
		<TECHNOLOGIC>
			<PROFILE_STANDARD>
				<TECHNOLOGIC_EXCEPTION_STANDARD>
					<I_MAKR>0</I_MAKR>
					<D_V0RS>1000</D_V0RS>
					<D_DREH>4600</D_DREH>
					<D_RED1>0.5</D_RED1>
					<D_ESTI>20</D_ESTI>
					<D_SPAN>40</D_SPAN>
					<D_OFFSETWORK>0</D_OFFSETWORK>
					<D_RPL1>0</D_RPL1>
					<I_41_42>0</I_41_42>
					<D_RAMP_O>30</D_RAMP_O>
					<D_RAMP_M>90</D_RAMP_M>
					<D_HELIX_DIA>1.25</D_HELIX_DIA>
					<D_NEXT_FEED>1</D_NEXT_FEED>
				</TECHNOLOGIC_EXCEPTION_STANDARD>
			</PROFILE_STANDARD>
		</TECHNOLOGIC>
	</TOOL>
	<TOOL COMMENT="140 : VHM Schruppfräser D20x75 Z3">
		<IDENTITY>
			<S_NAME>VHM Schruppfräser D20x75 Z3</S_NAME>
			<S_BEME></S_BEME>
			<I_NUMM>140</I_NUMM>
			<I_GRUP>3</I_GRUP>
			<I_ACTIVE>1</I_ACTIVE>
		</IDENTITY>
		<MECHANICAL>
			<I_MAGA>0</I_MAGA>
			<I_LAGE>1</I_LAGE>
			<I_MANCH>0</I_MANCH>
			<I_PARD>0</I_PARD>
		</MECHANICAL>
		<GEOMETRIC>
			<D_DURC>20</D_DURC>
			<D_LAEN>168</D_LAEN>
			<D_SDUR>80</D_SDUR>
			<D_SLAE>88</D_SLAE>
			<D_S2DUR1>0</D_S2DUR1>
			<D_S2DUR2>0</D_S2DUR2>
			<D_S2LAE>0</D_S2LAE>
			<D_BLAE>75</D_BLAE>
			<D_FDUR>0</D_FDUR>
			<D_FLAE>0</D_FLAE>
			<I_STSC>1</I_STSC>
			<D_FLWI>0</D_FLWI>
			<D_KURA>0</D_KURA>
			<D_RLE1>0</D_RLE1>
			<D_RDI1>0</D_RDI1>
			<D_CUTLENGTH2>0</D_CUTLENGTH2>
			<D_AMIN>-0.001745</D_AMIN>
			<D_AMAX>2.094395</D_AMAX>
			<D_CMIN>0</D_CMIN>
			<D_CMAX>0</D_CMAX>
			<D_DRZ1>1</D_DRZ1>
		</GEOMETRIC>
		<TECHNOLOGIC>
			<PROFILE_STANDARD>
				<TECHNOLOGIC_EXCEPTION_STANDARD>
					<I_MAKR>0</I_MAKR>
					<D_V0RS>3000</D_V0RS>
					<D_DREH>14000</D_DREH>
					<D_RED1>0.3</D_RED1>
					<D_ESTI>20</D_ESTI>
					<D_SPAN>19</D_SPAN>
					<D_OFFSETWORK>0</D_OFFSETWORK>
					<D_RPL1>0</D_RPL1>
					<I_41_42>0</I_41_42>
					<D_RAMP_O>30</D_RAMP_O>
					<D_RAMP_M>90</D_RAMP_M>
					<D_HELIX_DIA>1.25</D_HELIX_DIA>
					<D_NEXT_FEED>1</D_NEXT_FEED>
				</TECHNOLOGIC_EXCEPTION_STANDARD>
			</PROFILE_STANDARD>
		</TECHNOLOGIC>
	</TOOL>
	<TOOL COMMENT="152 : VHM Schruppfräser D30x120 Z3">
		<IDENTITY>
			<S_NAME>VHM Schruppfräser D30x120 Z3</S_NAME>
			<S_BEME></S_BEME>
			<I_NUMM>152</I_NUMM>
			<I_GRUP>3</I_GRUP>
			<I_ACTIVE>1</I_ACTIVE>
		</IDENTITY>
		<MECHANICAL>
			<I_MAGA>0</I_MAGA>
			<I_LAGE>1</I_LAGE>
			<I_MANCH>0</I_MANCH>
			<I_PARD>0</I_PARD>
		</MECHANICAL>
		<GEOMETRIC>
			<D_DURC>30</D_DURC>
			<D_LAEN>231</D_LAEN>
			<D_SDUR>80</D_SDUR>
			<D_SLAE>95</D_SLAE>
			<D_S2DUR1>0</D_S2DUR1>
			<D_S2DUR2>0</D_S2DUR2>
			<D_S2LAE>0</D_S2LAE>
			<D_BLAE>120</D_BLAE>
			<D_FDUR>0</D_FDUR>
			<D_FLAE>0</D_FLAE>
			<I_STSC>1</I_STSC>
			<D_FLWI>0</D_FLWI>
			<D_KURA>0</D_KURA>
			<D_RLE1>0</D_RLE1>
			<D_RDI1>0</D_RDI1>
			<D_CUTLENGTH2>0</D_CUTLENGTH2>
			<D_AMIN>-0.001745</D_AMIN>
			<D_AMAX>2.094395</D_AMAX>
			<D_CMIN>0</D_CMIN>
			<D_CMAX>0</D_CMAX>
			<D_DRZ1>1</D_DRZ1>
		</GEOMETRIC>
		<TECHNOLOGIC>
			<PROFILE_STANDARD>
				<TECHNOLOGIC_EXCEPTION_STANDARD>
					<I_MAKR>0</I_MAKR>
					<D_V0RS>3500</D_V0RS>
					<D_DREH>14000</D_DREH>
					<D_RED1>0.5</D_RED1>
					<D_ESTI>30</D_ESTI>
					<D_SPAN>29</D_SPAN>
					<D_OFFSETWORK>0</D_OFFSETWORK>
					<D_RPL1>0</D_RPL1>
					<I_41_42>0</I_41_42>
					<D_RAMP_O>30</D_RAMP_O>
					<D_RAMP_M>90</D_RAMP_M>
					<D_HELIX_DIA>1.25</D_HELIX_DIA>
					<D_NEXT_FEED>1</D_NEXT_FEED>
				</TECHNOLOGIC_EXCEPTION_STANDARD>
			</PROFILE_STANDARD>
		</TECHNOLOGIC>
	</TOOL>
	<TOOL COMMENT="156 : VHM Schruppfräser D40x170 Z3">
		<IDENTITY>
			<S_NAME>VHM Schruppfräser D40x170 Z3</S_NAME>
			<S_BEME></S_BEME>
			<I_NUMM>156</I_NUMM>
			<I_GRUP>3</I_GRUP>
			<I_ACTIVE>1</I_ACTIVE>
		</IDENTITY>
		<MECHANICAL>
			<I_MAGA>0</I_MAGA>
			<I_LAGE>1</I_LAGE>
			<I_MANCH>0</I_MANCH>
			<I_PARD>0</I_PARD>
		</MECHANICAL>
		<GEOMETRIC>
			<D_DURC>40</D_DURC>
			<D_LAEN>293</D_LAEN>
			<D_SDUR>80</D_SDUR>
			<D_SLAE>115</D_SLAE>
			<D_S2DUR1>0</D_S2DUR1>
			<D_S2DUR2>0</D_S2DUR2>
			<D_S2LAE>0</D_S2LAE>
			<D_BLAE>170</D_BLAE>
			<D_FDUR>0</D_FDUR>
			<D_FLAE>0</D_FLAE>
			<I_STSC>1</I_STSC>
			<D_FLWI>0</D_FLWI>
			<D_KURA>0</D_KURA>
			<D_RLE1>0</D_RLE1>
			<D_RDI1>0</D_RDI1>
			<D_CUTLENGTH2>0</D_CUTLENGTH2>
			<D_AMIN>-0.001745</D_AMIN>
			<D_AMAX>1.572542</D_AMAX>
			<D_CMIN>0</D_CMIN>
			<D_CMAX>0</D_CMAX>
			<D_DRZ1>1</D_DRZ1>
		</GEOMETRIC>
		<TECHNOLOGIC>
			<PROFILE_STANDARD>
				<TECHNOLOGIC_EXCEPTION_STANDARD>
					<I_MAKR>0</I_MAKR>
					<D_V0RS>4000</D_V0RS>
					<D_DREH>14000</D_DREH>
					<D_RED1>0.3</D_RED1>
					<D_ESTI>40</D_ESTI>
					<D_SPAN>39</D_SPAN>
					<D_OFFSETWORK>0</D_OFFSETWORK>
					<D_RPL1>0</D_RPL1>
					<I_41_42>0</I_41_42>
					<D_RAMP_O>30</D_RAMP_O>
					<D_RAMP_M>90</D_RAMP_M>
					<D_HELIX_DIA>1.25</D_HELIX_DIA>
					<D_NEXT_FEED>1</D_NEXT_FEED>
				</TECHNOLOGIC_EXCEPTION_STANDARD>
			</PROFILE_STANDARD>
		</TECHNOLOGIC>
	</TOOL>
	<TOOL COMMENT="160 : VHM Schruppfräser D40x250 Z3">
		<IDENTITY>
			<S_NAME>VHM Schruppfräser D40x250 Z3</S_NAME>
			<S_BEME></S_BEME>
			<I_NUMM>160</I_NUMM>
			<I_GRUP>3</I_GRUP>
			<I_ACTIVE>1</I_ACTIVE>
		</IDENTITY>
		<MECHANICAL>
			<I_MAGA>0</I_MAGA>
			<I_LAGE>1</I_LAGE>
			<I_MANCH>0</I_MANCH>
			<I_PARD>0</I_PARD>
		</MECHANICAL>
		<GEOMETRIC>
			<D_DURC>40</D_DURC>
			<D_LAEN>373</D_LAEN>
			<D_SDUR>80</D_SDUR>
			<D_SLAE>115</D_SLAE>
			<D_S2DUR1>0</D_S2DUR1>
			<D_S2DUR2>0</D_S2DUR2>
			<D_S2LAE>0</D_S2LAE>
			<D_BLAE>250</D_BLAE>
			<D_FDUR>0</D_FDUR>
			<D_FLAE>0</D_FLAE>
			<I_STSC>1</I_STSC>
			<D_FLWI>0</D_FLWI>
			<D_KURA>0</D_KURA>
			<D_RLE1>0</D_RLE1>
			<D_RDI1>0</D_RDI1>
			<D_CUTLENGTH2>0</D_CUTLENGTH2>
			<D_AMIN>-0.001745</D_AMIN>
			<D_AMAX>1.572542</D_AMAX>
			<D_CMIN>0</D_CMIN>
			<D_CMAX>0</D_CMAX>
			<D_DRZ1>1</D_DRZ1>
		</GEOMETRIC>
		<TECHNOLOGIC>
			<PROFILE_STANDARD>
				<TECHNOLOGIC_EXCEPTION_STANDARD>
					<I_MAKR>0</I_MAKR>
					<D_V0RS>3000</D_V0RS>
					<D_DREH>14000</D_DREH>
					<D_RED1>0.5</D_RED1>
					<D_ESTI>40</D_ESTI>
					<D_SPAN>39</D_SPAN>
					<D_OFFSETWORK>0</D_OFFSETWORK>
					<D_RPL1>0</D_RPL1>
					<I_41_42>0</I_41_42>
					<D_RAMP_O>30</D_RAMP_O>
					<D_RAMP_M>90</D_RAMP_M>
					<D_HELIX_DIA>1.25</D_HELIX_DIA>
					<D_NEXT_FEED>1</D_NEXT_FEED>
				</TECHNOLOGIC_EXCEPTION_STANDARD>
			</PROFILE_STANDARD>
		</TECHNOLOGIC>
	</TOOL>
	<TOOL COMMENT="172 : WP Schruppfräser D80x325 Z2+2">
		<IDENTITY>
			<S_NAME>WP Schruppfräser D80x325 Z2+2</S_NAME>
			<S_BEME></S_BEME>
			<I_NUMM>172</I_NUMM>
			<I_GRUP>3</I_GRUP>
			<I_ACTIVE>1</I_ACTIVE>
		</IDENTITY>
		<MECHANICAL>
			<I_MAGA>0</I_MAGA>
			<I_LAGE>1</I_LAGE>
			<I_MANCH>0</I_MANCH>
			<I_PARD>0</I_PARD>
		</MECHANICAL>
		<GEOMETRIC>
			<D_DURC>80</D_DURC>
			<D_LAEN>368.5</D_LAEN>
			<D_SDUR>80</D_SDUR>
			<D_SLAE>40</D_SLAE>
			<D_S2DUR1>0</D_S2DUR1>
			<D_S2DUR2>0</D_S2DUR2>
			<D_S2LAE>0</D_S2LAE>
			<D_BLAE>325</D_BLAE>
			<D_FDUR>0</D_FDUR>
			<D_FLAE>0</D_FLAE>
			<I_STSC>1</I_STSC>
			<D_FLWI>0</D_FLWI>
			<D_KURA>0</D_KURA>
			<D_RLE1>0</D_RLE1>
			<D_RDI1>0</D_RDI1>
			<D_CUTLENGTH2>0</D_CUTLENGTH2>
			<D_AMIN>-0.001745</D_AMIN>
			<D_AMAX>1.572542</D_AMAX>
			<D_CMIN>0</D_CMIN>
			<D_CMAX>0</D_CMAX>
			<D_DRZ1>1</D_DRZ1>
		</GEOMETRIC>
		<TECHNOLOGIC>
			<PROFILE_STANDARD>
				<TECHNOLOGIC_EXCEPTION_STANDARD>
					<I_MAKR>0</I_MAKR>
					<D_V0RS>3000</D_V0RS>
					<D_DREH>14000</D_DREH>
					<D_RED1>0.5</D_RED1>
					<D_ESTI>40</D_ESTI>
					<D_SPAN>79</D_SPAN>
					<D_OFFSETWORK>0</D_OFFSETWORK>
					<D_RPL1>0</D_RPL1>
					<I_41_42>0</I_41_42>
					<D_RAMP_O>30</D_RAMP_O>
					<D_RAMP_M>90</D_RAMP_M>
					<D_HELIX_DIA>1.25</D_HELIX_DIA>
					<D_NEXT_FEED>1</D_NEXT_FEED>
				</TECHNOLOGIC_EXCEPTION_STANDARD>
			</PROFILE_STANDARD>
		</TECHNOLOGIC>
	</TOOL>
	<TOOL COMMENT="184 : V-Nutfraeser D70x60° Z1 VHW">
		<IDENTITY>
			<S_NAME>V-Nutfraeser D70x60° Z1 VHW</S_NAME>
			<S_BEME></S_BEME>
			<I_NUMM>184</I_NUMM>
			<I_GRUP>3</I_GRUP>
			<I_ACTIVE>1</I_ACTIVE>
		</IDENTITY>
		<MECHANICAL>
			<I_MAGA>0</I_MAGA>
			<I_LAGE>1</I_LAGE>
			<I_MANCH>0</I_MANCH>
			<I_PARD>0</I_PARD>
		</MECHANICAL>
		<GEOMETRIC>
			<D_DURC>70</D_DURC>
			<D_LAEN>297</D_LAEN>
			<D_SDUR>80</D_SDUR>
			<D_SLAE>31</D_SLAE>
			<D_S2DUR1>60</D_S2DUR1>
			<D_S2DUR2>60</D_S2DUR2>
			<D_S2LAE>205</D_S2LAE>
			<D_BLAE>61</D_BLAE>
			<D_FDUR>0</D_FDUR>
			<D_FLAE>0</D_FLAE>
			<I_STSC>1</I_STSC>
			<D_FLWI>30</D_FLWI>
			<D_KURA>0</D_KURA>
			<D_RLE1>0</D_RLE1>
			<D_RDI1>0</D_RDI1>
			<D_CUTLENGTH2>0</D_CUTLENGTH2>
			<D_AMIN>-0.001745</D_AMIN>
			<D_AMAX>1.572542</D_AMAX>
			<D_CMIN>0</D_CMIN>
			<D_CMAX>0</D_CMAX>
			<D_DRZ1>1</D_DRZ1>
		</GEOMETRIC>
		<TECHNOLOGIC>
			<PROFILE_STANDARD>
				<TECHNOLOGIC_EXCEPTION_STANDARD>
					<I_MAKR>0</I_MAKR>
					<D_V0RS>10000</D_V0RS>
					<D_DREH>14000</D_DREH>
					<D_RED1>0.3</D_RED1>
					<D_ESTI>10</D_ESTI>
					<D_SPAN>1</D_SPAN>
					<D_OFFSETWORK>0</D_OFFSETWORK>
					<D_RPL1>0</D_RPL1>
					<I_41_42>0</I_41_42>
					<D_RAMP_O>30</D_RAMP_O>
					<D_RAMP_M>90</D_RAMP_M>
					<D_HELIX_DIA>1.25</D_HELIX_DIA>
					<D_NEXT_FEED>1</D_NEXT_FEED>
				</TECHNOLOGIC_EXCEPTION_STANDARD>
			</PROFILE_STANDARD>
		</TECHNOLOGIC>
	</TOOL>
	<TOOL COMMENT="188 : Markiergerät HSK80 HW">
		<IDENTITY>
			<S_NAME>Markiergerät HSK80 HW</S_NAME>
			<S_BEME>Miene</S_BEME>
			<I_NUMM>188</I_NUMM>
			<I_GRUP>3</I_GRUP>
			<I_ACTIVE>1</I_ACTIVE>
		</IDENTITY>
		<MECHANICAL>
			<I_MAGA>0</I_MAGA>
			<I_LAGE>1</I_LAGE>
			<I_MANCH>0</I_MANCH>
			<I_PARD>0</I_PARD>
		</MECHANICAL>
		<GEOMETRIC>
			<D_DURC>80</D_DURC>
			<D_LAEN>196</D_LAEN>
			<D_SDUR>80</D_SDUR>
			<D_SLAE>170.3</D_SLAE>
			<D_S2DUR1>0</D_S2DUR1>
			<D_S2DUR2>0</D_S2DUR2>
			<D_S2LAE>0</D_S2LAE>
			<D_BLAE>6.7</D_BLAE>
			<D_FDUR>0</D_FDUR>
			<D_FLAE>0</D_FLAE>
			<I_STSC>1</I_STSC>
			<D_FLWI>75</D_FLWI>
			<D_KURA>0</D_KURA>
			<D_RLE1>0</D_RLE1>
			<D_RDI1>0</D_RDI1>
			<D_CUTLENGTH2>0</D_CUTLENGTH2>
			<D_AMIN>-0.001745</D_AMIN>
			<D_AMAX>1.572542</D_AMAX>
			<D_CMIN>0</D_CMIN>
			<D_CMAX>0</D_CMAX>
			<D_DRZ1>1</D_DRZ1>
		</GEOMETRIC>
		<TECHNOLOGIC>
			<PROFILE_STANDARD>
				<TECHNOLOGIC_EXCEPTION_STANDARD>
					<I_MAKR>0</I_MAKR>
					<D_V0RS>45000</D_V0RS>
					<D_DREH>0</D_DREH>
					<D_RED1>0.5</D_RED1>
					<D_ESTI>1</D_ESTI>
					<D_SPAN>80</D_SPAN>
					<D_OFFSETWORK>0</D_OFFSETWORK>
					<D_RPL1>0</D_RPL1>
					<I_41_42>0</I_41_42>
					<D_RAMP_O>30</D_RAMP_O>
					<D_RAMP_M>90</D_RAMP_M>
					<D_HELIX_DIA>1.25</D_HELIX_DIA>
					<D_NEXT_FEED>1</D_NEXT_FEED>
				</TECHNOLOGIC_EXCEPTION_STANDARD>
			</PROFILE_STANDARD>
		</TECHNOLOGIC>
	</TOOL>
	<TOOL COMMENT="202 : Säge D1000x 8.0/6.0 Z48 HW">
		<IDENTITY>
			<S_NAME>Säge D1000x 8.0/6.0 Z48 HW</S_NAME>
			<S_BEME></S_BEME>
			<I_NUMM>202</I_NUMM>
			<I_GRUP>1</I_GRUP>
			<I_ACTIVE>1</I_ACTIVE>
		</IDENTITY>
		<MECHANICAL>
			<I_MAGA>0</I_MAGA>
			<I_LAGE>2</I_LAGE>
			<I_MANCH>0</I_MANCH>
			<I_PARD>0</I_PARD>
		</MECHANICAL>
		<GEOMETRIC>
			<D_DURC>1000</D_DURC>
			<D_LAEN>74.7</D_LAEN>
			<D_SDUR>220</D_SDUR>
			<D_SLAE>68.7</D_SLAE>
			<D_BLAE>6</D_BLAE>
			<D_FDUR>0</D_FDUR>
			<D_FLAE>0</D_FLAE>
			<D_DRZ1>750</D_DRZ1>
			<D_AMIN>-0.001745</D_AMIN>
			<D_AMAX>1.58825</D_AMAX>
			<D_CMIN>0</D_CMIN>
			<D_CMAX>0</D_CMAX>
		</GEOMETRIC>
		<TECHNOLOGIC>
			<PROFILE_STANDARD>
				<TECHNOLOGIC_EXCEPTION_STANDARD>
					<I_MAKR>0</I_MAKR>
					<D_V0RS>8000</D_V0RS>
					<D_DREH>1400</D_DREH>
					<D_RED1>0.5</D_RED1>
					<D_SPAN>100</D_SPAN>
					<D_RSPAN>1</D_RSPAN>
					<D_NOTCH>100</D_NOTCH>
					<I_41_42>0</I_41_42>
				</TECHNOLOGIC_EXCEPTION_STANDARD>
			</PROFILE_STANDARD>
		</TECHNOLOGIC>
	</TOOL>
	<TOOL COMMENT="206 : Säge D800x 6.0/4.0 Z50 HW">
		<IDENTITY>
			<S_NAME>Säge D800x 6.0/4.0 Z50 HW</S_NAME>
			<S_BEME></S_BEME>
			<I_NUMM>206</I_NUMM>
			<I_GRUP>1</I_GRUP>
			<I_ACTIVE>1</I_ACTIVE>
		</IDENTITY>
		<MECHANICAL>
			<I_MAGA>0</I_MAGA>
			<I_LAGE>2</I_LAGE>
			<I_MANCH>0</I_MANCH>
			<I_PARD>0</I_PARD>
		</MECHANICAL>
		<GEOMETRIC>
			<D_DURC>800</D_DURC>
			<D_LAEN>75</D_LAEN>
			<D_SDUR>180</D_SDUR>
			<D_SLAE>70</D_SLAE>
			<D_BLAE>5</D_BLAE>
			<D_FDUR>0</D_FDUR>
			<D_FLAE>0</D_FLAE>
			<D_DRZ1>750</D_DRZ1>
			<D_AMIN>-0.001745</D_AMIN>
			<D_AMAX>1.58825</D_AMAX>
			<D_CMIN>0</D_CMIN>
			<D_CMAX>0</D_CMAX>
		</GEOMETRIC>
		<TECHNOLOGIC>
			<PROFILE_STANDARD>
				<TECHNOLOGIC_EXCEPTION_STANDARD>
					<I_MAKR>0</I_MAKR>
					<D_V0RS>8000</D_V0RS>
					<D_DREH>1500</D_DREH>
					<D_RED1>0.5</D_RED1>
					<D_SPAN>100</D_SPAN>
					<D_RSPAN>1</D_RSPAN>
					<D_NOTCH>100</D_NOTCH>
					<I_41_42>0</I_41_42>
				</TECHNOLOGIC_EXCEPTION_STANDARD>
			</PROFILE_STANDARD>
		</TECHNOLOGIC>
	</TOOL>
	<TOOL COMMENT="212 : Winkelkopf -  Sägeblatt DIA Ø300x3.2 Tastend">
		<IDENTITY>
			<S_NAME>Winkelkopf -  Sägeblatt DIA Ø300x3.2 Tastend</S_NAME>
			<S_BEME></S_BEME>
			<I_NUMM>212</I_NUMM>
			<I_GRUP>6</I_GRUP>
			<I_ACTIVE>1</I_ACTIVE>
		</IDENTITY>
		<MECHANICAL>
			<I_MAGA>0</I_MAGA>
			<I_LAGE>2</I_LAGE>
			<I_MANCH>0</I_MANCH>
			<I_PARD>0</I_PARD>
		</MECHANICAL>
		<GEOMETRIC>
			<D_DURC>155</D_DURC>
			<D_LAEN>184.9</D_LAEN>
			<D_SDUR>120</D_SDUR>
			<D_SLAE>215</D_SLAE>
			<D_BLAE>0</D_BLAE>
			<D_MODE>0</D_MODE>
			<D_WNR1>334</D_WNR1>
			<D_ORTX>63.02</D_ORTX>
			<D_ORTY>0</D_ORTY>
			<D_ORTZ>-184.9</D_ORTZ>
			<D_WINX>1.570796</D_WINX>
			<D_WINY>0</D_WINY>
			<D_WINZ>-1.570796</D_WINZ>
			<D_DTANGLE>0</D_DTANGLE>
			<D_DTSPACE>0</D_DTSPACE>
			<D_AMIN>0</D_AMIN>
			<D_AMAX>0</D_AMAX>
			<D_CMIN>0</D_CMIN>
			<D_CMAX>0</D_CMAX>
			<I_INJECT>0</I_INJECT>
		</GEOMETRIC>
		<TECHNOLOGIC>
			<PROFILE_STANDARD>
				<TECHNOLOGIC_EXCEPTION_STANDARD>
					<I_MAKR>0</I_MAKR>
					<D_V0RS>10000</D_V0RS>
					<D_DREH>6000</D_DREH>
				</TECHNOLOGIC_EXCEPTION_STANDARD>
			</PROFILE_STANDARD>
		</TECHNOLOGIC>
	</TOOL>
	<TOOL COMMENT="213 : Winkelkopf -  Sägeblatt DIA Ø300x3.2 positioniert">
		<IDENTITY>
			<S_NAME>Winkelkopf -  Sägeblatt DIA Ø300x3.2 positioniert</S_NAME>
			<S_BEME></S_BEME>
			<I_NUMM>213</I_NUMM>
			<I_GRUP>6</I_GRUP>
			<I_ACTIVE>1</I_ACTIVE>
		</IDENTITY>
		<MECHANICAL>
			<I_MAGA>0</I_MAGA>
			<I_LAGE>2</I_LAGE>
			<I_MANCH>0</I_MANCH>
			<I_PARD>0</I_PARD>
		</MECHANICAL>
		<GEOMETRIC>
			<D_DURC>155</D_DURC>
			<D_LAEN>184.9</D_LAEN>
			<D_SDUR>120</D_SDUR>
			<D_SLAE>215</D_SLAE>
			<D_BLAE>0</D_BLAE>
			<D_MODE>0</D_MODE>
			<D_WNR1>334</D_WNR1>
			<D_ORTX>63.02</D_ORTX>
			<D_ORTY>0</D_ORTY>
			<D_ORTZ>-184.9</D_ORTZ>
			<D_WINX>1.570796</D_WINX>
			<D_WINY>0</D_WINY>
			<D_WINZ>-1.570796</D_WINZ>
			<D_DTANGLE>0</D_DTANGLE>
			<D_DTSPACE>0</D_DTSPACE>
			<D_AMIN>0</D_AMIN>
			<D_AMAX>0</D_AMAX>
			<D_CMIN>0</D_CMIN>
			<D_CMAX>0</D_CMAX>
			<I_INJECT>0</I_INJECT>
		</GEOMETRIC>
		<TECHNOLOGIC>
			<PROFILE_STANDARD>
				<TECHNOLOGIC_EXCEPTION_STANDARD>
					<I_MAKR>0</I_MAKR>
					<D_V0RS>10000</D_V0RS>
					<D_DREH>6000</D_DREH>
				</TECHNOLOGIC_EXCEPTION_STANDARD>
			</PROFILE_STANDARD>
		</TECHNOLOGIC>
	</TOOL>
	<TOOL COMMENT="214 : Winkelkopf -  Sägeblatt DIA Ø300x3.2 oben">
		<IDENTITY>
			<S_NAME>Winkelkopf -  Sägeblatt DIA Ø300x3.2 oben</S_NAME>
			<S_BEME></S_BEME>
			<I_NUMM>214</I_NUMM>
			<I_GRUP>6</I_GRUP>
			<I_ACTIVE>1</I_ACTIVE>
		</IDENTITY>
		<MECHANICAL>
			<I_MAGA>0</I_MAGA>
			<I_LAGE>2</I_LAGE>
			<I_MANCH>0</I_MANCH>
			<I_PARD>0</I_PARD>
		</MECHANICAL>
		<GEOMETRIC>
			<D_DURC>155</D_DURC>
			<D_LAEN>184.9</D_LAEN>
			<D_SDUR>120</D_SDUR>
			<D_SLAE>215</D_SLAE>
			<D_BLAE>0</D_BLAE>
			<D_MODE>0</D_MODE>
			<D_WNR1>334</D_WNR1>
			<D_ORTX>63.02</D_ORTX>
			<D_ORTY>0</D_ORTY>
			<D_ORTZ>-184.9</D_ORTZ>
			<D_WINX>1.570796</D_WINX>
			<D_WINY>0</D_WINY>
			<D_WINZ>-1.570796</D_WINZ>
			<D_DTANGLE>0</D_DTANGLE>
			<D_DTSPACE>0</D_DTSPACE>
			<D_AMIN>0</D_AMIN>
			<D_AMAX>0</D_AMAX>
			<D_CMIN>0</D_CMIN>
			<D_CMAX>0</D_CMAX>
			<I_INJECT>0</I_INJECT>
		</GEOMETRIC>
		<TECHNOLOGIC>
			<PROFILE_STANDARD>
				<TECHNOLOGIC_EXCEPTION_STANDARD>
					<I_MAKR>0</I_MAKR>
					<D_V0RS>10000</D_V0RS>
					<D_DREH>6000</D_DREH>
				</TECHNOLOGIC_EXCEPTION_STANDARD>
			</PROFILE_STANDARD>
		</TECHNOLOGIC>
	</TOOL>
	<TOOL COMMENT="215 : Winkelkopf -  Sägeblatt DIA Ø300x3.2 unten">
		<IDENTITY>
			<S_NAME>Winkelkopf -  Sägeblatt DIA Ø300x3.2 unten</S_NAME>
			<S_BEME></S_BEME>
			<I_NUMM>215</I_NUMM>
			<I_GRUP>6</I_GRUP>
			<I_ACTIVE>1</I_ACTIVE>
		</IDENTITY>
		<MECHANICAL>
			<I_MAGA>0</I_MAGA>
			<I_LAGE>2</I_LAGE>
			<I_MANCH>0</I_MANCH>
			<I_PARD>0</I_PARD>
		</MECHANICAL>
		<GEOMETRIC>
			<D_DURC>155</D_DURC>
			<D_LAEN>184.9</D_LAEN>
			<D_SDUR>120</D_SDUR>
			<D_SLAE>215</D_SLAE>
			<D_BLAE>0</D_BLAE>
			<D_MODE>0</D_MODE>
			<D_WNR1>334</D_WNR1>
			<D_ORTX>63.02</D_ORTX>
			<D_ORTY>0</D_ORTY>
			<D_ORTZ>-184.9</D_ORTZ>
			<D_WINX>1.570796</D_WINX>
			<D_WINY>0</D_WINY>
			<D_WINZ>-1.570796</D_WINZ>
			<D_DTANGLE>0</D_DTANGLE>
			<D_DTSPACE>0</D_DTSPACE>
			<D_AMIN>0</D_AMIN>
			<D_AMAX>0</D_AMAX>
			<D_CMIN>0</D_CMIN>
			<D_CMAX>0</D_CMAX>
			<I_INJECT>0</I_INJECT>
		</GEOMETRIC>
		<TECHNOLOGIC>
			<PROFILE_STANDARD>
				<TECHNOLOGIC_EXCEPTION_STANDARD>
					<I_MAKR>0</I_MAKR>
					<D_V0RS>10000</D_V0RS>
					<D_DREH>6000</D_DREH>
				</TECHNOLOGIC_EXCEPTION_STANDARD>
			</PROFILE_STANDARD>
		</TECHNOLOGIC>
	</TOOL>
	<TOOL COMMENT="232 : Winkelkopf -  Sägeblatt DIA Ø240x3.2 Tastend">
		<IDENTITY>
			<S_NAME>Winkelkopf -  Sägeblatt DIA Ø240x3.2 Tastend</S_NAME>
			<S_BEME></S_BEME>
			<I_NUMM>232</I_NUMM>
			<I_GRUP>6</I_GRUP>
			<I_ACTIVE>1</I_ACTIVE>
		</IDENTITY>
		<MECHANICAL>
			<I_MAGA>0</I_MAGA>
			<I_LAGE>2</I_LAGE>
			<I_MANCH>0</I_MANCH>
			<I_PARD>0</I_PARD>
		</MECHANICAL>
		<GEOMETRIC>
			<D_DURC>155</D_DURC>
			<D_LAEN>184.9</D_LAEN>
			<D_SDUR>120</D_SDUR>
			<D_SLAE>215</D_SLAE>
			<D_BLAE>0</D_BLAE>
			<D_MODE>0</D_MODE>
			<D_WNR1>342</D_WNR1>
			<D_ORTX>63.02</D_ORTX>
			<D_ORTY>0</D_ORTY>
			<D_ORTZ>-184.9</D_ORTZ>
			<D_WINX>1.570796</D_WINX>
			<D_WINY>0</D_WINY>
			<D_WINZ>-1.570796</D_WINZ>
			<D_DTANGLE>0</D_DTANGLE>
			<D_DTSPACE>0</D_DTSPACE>
			<D_AMIN>0</D_AMIN>
			<D_AMAX>0</D_AMAX>
			<D_CMIN>0</D_CMIN>
			<D_CMAX>0</D_CMAX>
			<I_INJECT>0</I_INJECT>
		</GEOMETRIC>
		<TECHNOLOGIC>
			<PROFILE_STANDARD>
				<TECHNOLOGIC_EXCEPTION_STANDARD>
					<I_MAKR>0</I_MAKR>
					<D_V0RS>10000</D_V0RS>
					<D_DREH>6000</D_DREH>
				</TECHNOLOGIC_EXCEPTION_STANDARD>
			</PROFILE_STANDARD>
		</TECHNOLOGIC>
	</TOOL>
	<TOOL COMMENT="233 : Winkelkopf -  Sägeblatt DIA Ø240x3.2 positioniert">
		<IDENTITY>
			<S_NAME>Winkelkopf -  Sägeblatt DIA Ø240x3.2 positioniert</S_NAME>
			<S_BEME></S_BEME>
			<I_NUMM>233</I_NUMM>
			<I_GRUP>6</I_GRUP>
			<I_ACTIVE>1</I_ACTIVE>
		</IDENTITY>
		<MECHANICAL>
			<I_MAGA>0</I_MAGA>
			<I_LAGE>2</I_LAGE>
			<I_MANCH>0</I_MANCH>
			<I_PARD>0</I_PARD>
		</MECHANICAL>
		<GEOMETRIC>
			<D_DURC>155</D_DURC>
			<D_LAEN>184.9</D_LAEN>
			<D_SDUR>120</D_SDUR>
			<D_SLAE>215</D_SLAE>
			<D_BLAE>0</D_BLAE>
			<D_MODE>0</D_MODE>
			<D_WNR1>342</D_WNR1>
			<D_ORTX>63.02</D_ORTX>
			<D_ORTY>0</D_ORTY>
			<D_ORTZ>-184.9</D_ORTZ>
			<D_WINX>1.570796</D_WINX>
			<D_WINY>0</D_WINY>
			<D_WINZ>-1.570796</D_WINZ>
			<D_DTANGLE>0</D_DTANGLE>
			<D_DTSPACE>0</D_DTSPACE>
			<D_AMIN>0</D_AMIN>
			<D_AMAX>0</D_AMAX>
			<D_CMIN>0</D_CMIN>
			<D_CMAX>0</D_CMAX>
			<I_INJECT>0</I_INJECT>
		</GEOMETRIC>
		<TECHNOLOGIC>
			<PROFILE_STANDARD>
				<TECHNOLOGIC_EXCEPTION_STANDARD>
					<I_MAKR>0</I_MAKR>
					<D_V0RS>10000</D_V0RS>
					<D_DREH>6000</D_DREH>
				</TECHNOLOGIC_EXCEPTION_STANDARD>
			</PROFILE_STANDARD>
		</TECHNOLOGIC>
	</TOOL>
	<TOOL COMMENT="234 : Winkelkopf -  Sägeblatt DIA Ø240x3.2 Oben">
		<IDENTITY>
			<S_NAME>Winkelkopf -  Sägeblatt DIA Ø240x3.2 Oben</S_NAME>
			<S_BEME></S_BEME>
			<I_NUMM>234</I_NUMM>
			<I_GRUP>6</I_GRUP>
			<I_ACTIVE>1</I_ACTIVE>
		</IDENTITY>
		<MECHANICAL>
			<I_MAGA>0</I_MAGA>
			<I_LAGE>2</I_LAGE>
			<I_MANCH>0</I_MANCH>
			<I_PARD>0</I_PARD>
		</MECHANICAL>
		<GEOMETRIC>
			<D_DURC>155</D_DURC>
			<D_LAEN>184.9</D_LAEN>
			<D_SDUR>120</D_SDUR>
			<D_SLAE>215</D_SLAE>
			<D_BLAE>0</D_BLAE>
			<D_MODE>0</D_MODE>
			<D_WNR1>342</D_WNR1>
			<D_ORTX>63.02</D_ORTX>
			<D_ORTY>0</D_ORTY>
			<D_ORTZ>-184.9</D_ORTZ>
			<D_WINX>1.570796</D_WINX>
			<D_WINY>0</D_WINY>
			<D_WINZ>-1.570796</D_WINZ>
			<D_DTANGLE>0</D_DTANGLE>
			<D_DTSPACE>0</D_DTSPACE>
			<D_AMIN>0</D_AMIN>
			<D_AMAX>0</D_AMAX>
			<D_CMIN>0</D_CMIN>
			<D_CMAX>0</D_CMAX>
			<I_INJECT>0</I_INJECT>
		</GEOMETRIC>
		<TECHNOLOGIC>
			<PROFILE_STANDARD>
				<TECHNOLOGIC_EXCEPTION_STANDARD>
					<I_MAKR>0</I_MAKR>
					<D_V0RS>10000</D_V0RS>
					<D_DREH>6000</D_DREH>
				</TECHNOLOGIC_EXCEPTION_STANDARD>
			</PROFILE_STANDARD>
		</TECHNOLOGIC>
	</TOOL>
	<TOOL COMMENT="235 : Winkelkopf -  Sägeblatt DIA Ø240x3.2 Unten">
		<IDENTITY>
			<S_NAME>Winkelkopf -  Sägeblatt DIA Ø240x3.2 Unten</S_NAME>
			<S_BEME></S_BEME>
			<I_NUMM>235</I_NUMM>
			<I_GRUP>6</I_GRUP>
			<I_ACTIVE>1</I_ACTIVE>
		</IDENTITY>
		<MECHANICAL>
			<I_MAGA>0</I_MAGA>
			<I_LAGE>2</I_LAGE>
			<I_MANCH>0</I_MANCH>
			<I_PARD>0</I_PARD>
		</MECHANICAL>
		<GEOMETRIC>
			<D_DURC>155</D_DURC>
			<D_LAEN>184.9</D_LAEN>
			<D_SDUR>120</D_SDUR>
			<D_SLAE>215</D_SLAE>
			<D_BLAE>0</D_BLAE>
			<D_MODE>0</D_MODE>
			<D_WNR1>342</D_WNR1>
			<D_ORTX>63.02</D_ORTX>
			<D_ORTY>0</D_ORTY>
			<D_ORTZ>-184.9</D_ORTZ>
			<D_WINX>1.570796</D_WINX>
			<D_WINY>0</D_WINY>
			<D_WINZ>-1.570796</D_WINZ>
			<D_DTANGLE>0</D_DTANGLE>
			<D_DTSPACE>0</D_DTSPACE>
			<D_AMIN>0</D_AMIN>
			<D_AMAX>0</D_AMAX>
			<D_CMIN>0</D_CMIN>
			<D_CMAX>0</D_CMAX>
			<I_INJECT>0</I_INJECT>
		</GEOMETRIC>
		<TECHNOLOGIC>
			<PROFILE_STANDARD>
				<TECHNOLOGIC_EXCEPTION_STANDARD>
					<I_MAKR>0</I_MAKR>
					<D_V0RS>10000</D_V0RS>
					<D_DREH>6000</D_DREH>
				</TECHNOLOGIC_EXCEPTION_STANDARD>
			</PROFILE_STANDARD>
		</TECHNOLOGIC>
	</TOOL>
	<TOOL COMMENT="264 : VHW Schruppfräser  D16x55mm   tastend">
		<IDENTITY>
			<S_NAME>VHW Schruppfräser  D16x55mm   tastend</S_NAME>
			<S_BEME></S_BEME>
			<I_NUMM>264</I_NUMM>
			<I_GRUP>3</I_GRUP>
			<I_ACTIVE>1</I_ACTIVE>
		</IDENTITY>
		<MECHANICAL>
			<I_MAGA>0</I_MAGA>
			<I_LAGE>2</I_LAGE>
			<I_MANCH>0</I_MANCH>
			<I_PARD>0</I_PARD>
		</MECHANICAL>
		<GEOMETRIC>
			<D_DURC>16</D_DURC>
			<D_LAEN>141</D_LAEN>
			<D_SDUR>63</D_SDUR>
			<D_SLAE>75</D_SLAE>
			<D_S2DUR1>0</D_S2DUR1>
			<D_S2DUR2>0</D_S2DUR2>
			<D_S2LAE>0</D_S2LAE>
			<D_BLAE>55</D_BLAE>
			<D_FDUR>0</D_FDUR>
			<D_FLAE>0</D_FLAE>
			<I_STSC>1</I_STSC>
			<D_FLWI>0</D_FLWI>
			<D_KURA>0</D_KURA>
			<D_RLE1>0</D_RLE1>
			<D_RDI1>0</D_RDI1>
			<D_CUTLENGTH2>0</D_CUTLENGTH2>
			<D_AMIN>-0.001745</D_AMIN>
			<D_AMAX>1.572542</D_AMAX>
			<D_CMIN>0</D_CMIN>
			<D_CMAX>0</D_CMAX>
			<D_DRZ1>1</D_DRZ1>
		</GEOMETRIC>
		<TECHNOLOGIC>
			<PROFILE_STANDARD>
				<TECHNOLOGIC_EXCEPTION_STANDARD>
					<I_MAKR>0</I_MAKR>
					<D_V0RS>4000</D_V0RS>
					<D_DREH>14000</D_DREH>
					<D_RED1>0.6</D_RED1>
					<D_ESTI>16</D_ESTI>
					<D_SPAN>15</D_SPAN>
					<D_OFFSETWORK>0</D_OFFSETWORK>
					<D_RPL1>0</D_RPL1>
					<I_41_42>0</I_41_42>
					<D_RAMP_O>30</D_RAMP_O>
					<D_RAMP_M>90</D_RAMP_M>
					<D_HELIX_DIA>1.25</D_HELIX_DIA>
					<D_NEXT_FEED>1</D_NEXT_FEED>
				</TECHNOLOGIC_EXCEPTION_STANDARD>
			</PROFILE_STANDARD>
		</TECHNOLOGIC>
	</TOOL>
	<TOOL COMMENT="265 : VHW Schruppfräser  D16x55mm   positioniert">
		<IDENTITY>
			<S_NAME>VHW Schruppfräser  D16x55mm   positioniert</S_NAME>
			<S_BEME></S_BEME>
			<I_NUMM>265</I_NUMM>
			<I_GRUP>3</I_GRUP>
			<I_ACTIVE>1</I_ACTIVE>
		</IDENTITY>
		<MECHANICAL>
			<I_MAGA>0</I_MAGA>
			<I_LAGE>2</I_LAGE>
			<I_MANCH>0</I_MANCH>
			<I_PARD>0</I_PARD>
		</MECHANICAL>
		<GEOMETRIC>
			<D_DURC>16</D_DURC>
			<D_LAEN>141</D_LAEN>
			<D_SDUR>63</D_SDUR>
			<D_SLAE>75</D_SLAE>
			<D_S2DUR1>0</D_S2DUR1>
			<D_S2DUR2>0</D_S2DUR2>
			<D_S2LAE>0</D_S2LAE>
			<D_BLAE>55</D_BLAE>
			<D_FDUR>0</D_FDUR>
			<D_FLAE>0</D_FLAE>
			<I_STSC>1</I_STSC>
			<D_FLWI>0</D_FLWI>
			<D_KURA>0</D_KURA>
			<D_RLE1>0</D_RLE1>
			<D_RDI1>0</D_RDI1>
			<D_CUTLENGTH2>0</D_CUTLENGTH2>
			<D_AMIN>-0.001745</D_AMIN>
			<D_AMAX>1.572542</D_AMAX>
			<D_CMIN>0</D_CMIN>
			<D_CMAX>0</D_CMAX>
			<D_DRZ1>1</D_DRZ1>
		</GEOMETRIC>
		<TECHNOLOGIC>
			<PROFILE_STANDARD>
				<TECHNOLOGIC_EXCEPTION_STANDARD>
					<I_MAKR>0</I_MAKR>
					<D_V0RS>4000</D_V0RS>
					<D_DREH>14000</D_DREH>
					<D_RED1>0.6</D_RED1>
					<D_ESTI>16</D_ESTI>
					<D_SPAN>15</D_SPAN>
					<D_OFFSETWORK>0</D_OFFSETWORK>
					<D_RPL1>0</D_RPL1>
					<I_41_42>0</I_41_42>
					<D_RAMP_O>30</D_RAMP_O>
					<D_RAMP_M>90</D_RAMP_M>
					<D_HELIX_DIA>1.25</D_HELIX_DIA>
					<D_NEXT_FEED>1</D_NEXT_FEED>
				</TECHNOLOGIC_EXCEPTION_STANDARD>
			</PROFILE_STANDARD>
		</TECHNOLOGIC>
	</TOOL>
	<TOOL COMMENT="266 : VHW Schruppfräser  D16x55mm   oben">
		<IDENTITY>
			<S_NAME>VHW Schruppfräser  D16x55mm   oben</S_NAME>
			<S_BEME></S_BEME>
			<I_NUMM>266</I_NUMM>
			<I_GRUP>3</I_GRUP>
			<I_ACTIVE>1</I_ACTIVE>
		</IDENTITY>
		<MECHANICAL>
			<I_MAGA>0</I_MAGA>
			<I_LAGE>2</I_LAGE>
			<I_MANCH>0</I_MANCH>
			<I_PARD>0</I_PARD>
		</MECHANICAL>
		<GEOMETRIC>
			<D_DURC>16</D_DURC>
			<D_LAEN>141</D_LAEN>
			<D_SDUR>63</D_SDUR>
			<D_SLAE>75</D_SLAE>
			<D_S2DUR1>0</D_S2DUR1>
			<D_S2DUR2>0</D_S2DUR2>
			<D_S2LAE>0</D_S2LAE>
			<D_BLAE>55</D_BLAE>
			<D_FDUR>0</D_FDUR>
			<D_FLAE>0</D_FLAE>
			<I_STSC>1</I_STSC>
			<D_FLWI>0</D_FLWI>
			<D_KURA>0</D_KURA>
			<D_RLE1>0</D_RLE1>
			<D_RDI1>0</D_RDI1>
			<D_CUTLENGTH2>0</D_CUTLENGTH2>
			<D_AMIN>-0.001745</D_AMIN>
			<D_AMAX>1.572542</D_AMAX>
			<D_CMIN>0</D_CMIN>
			<D_CMAX>0</D_CMAX>
			<D_DRZ1>1</D_DRZ1>
		</GEOMETRIC>
		<TECHNOLOGIC>
			<PROFILE_STANDARD>
				<TECHNOLOGIC_EXCEPTION_STANDARD>
					<I_MAKR>0</I_MAKR>
					<D_V0RS>4000</D_V0RS>
					<D_DREH>14000</D_DREH>
					<D_RED1>0.6</D_RED1>
					<D_ESTI>16</D_ESTI>
					<D_SPAN>15</D_SPAN>
					<D_OFFSETWORK>0</D_OFFSETWORK>
					<D_RPL1>0</D_RPL1>
					<I_41_42>0</I_41_42>
					<D_RAMP_O>30</D_RAMP_O>
					<D_RAMP_M>90</D_RAMP_M>
					<D_HELIX_DIA>1.25</D_HELIX_DIA>
					<D_NEXT_FEED>1</D_NEXT_FEED>
				</TECHNOLOGIC_EXCEPTION_STANDARD>
			</PROFILE_STANDARD>
		</TECHNOLOGIC>
	</TOOL>
	<TOOL COMMENT="267 : VHW Schruppfräser  D16x55mm   unten">
		<IDENTITY>
			<S_NAME>VHW Schruppfräser  D16x55mm   unten</S_NAME>
			<S_BEME></S_BEME>
			<I_NUMM>267</I_NUMM>
			<I_GRUP>3</I_GRUP>
			<I_ACTIVE>1</I_ACTIVE>
		</IDENTITY>
		<MECHANICAL>
			<I_MAGA>0</I_MAGA>
			<I_LAGE>2</I_LAGE>
			<I_MANCH>0</I_MANCH>
			<I_PARD>0</I_PARD>
		</MECHANICAL>
		<GEOMETRIC>
			<D_DURC>16</D_DURC>
			<D_LAEN>141</D_LAEN>
			<D_SDUR>63</D_SDUR>
			<D_SLAE>75</D_SLAE>
			<D_S2DUR1>0</D_S2DUR1>
			<D_S2DUR2>0</D_S2DUR2>
			<D_S2LAE>0</D_S2LAE>
			<D_BLAE>55</D_BLAE>
			<D_FDUR>0</D_FDUR>
			<D_FLAE>0</D_FLAE>
			<I_STSC>1</I_STSC>
			<D_FLWI>0</D_FLWI>
			<D_KURA>0</D_KURA>
			<D_RLE1>0</D_RLE1>
			<D_RDI1>0</D_RDI1>
			<D_CUTLENGTH2>0</D_CUTLENGTH2>
			<D_AMIN>-0.001745</D_AMIN>
			<D_AMAX>1.572542</D_AMAX>
			<D_CMIN>0</D_CMIN>
			<D_CMAX>0</D_CMAX>
			<D_DRZ1>1</D_DRZ1>
		</GEOMETRIC>
		<TECHNOLOGIC>
			<PROFILE_STANDARD>
				<TECHNOLOGIC_EXCEPTION_STANDARD>
					<I_MAKR>0</I_MAKR>
					<D_V0RS>4000</D_V0RS>
					<D_DREH>14000</D_DREH>
					<D_RED1>0.6</D_RED1>
					<D_ESTI>16</D_ESTI>
					<D_SPAN>15</D_SPAN>
					<D_OFFSETWORK>0</D_OFFSETWORK>
					<D_RPL1>0</D_RPL1>
					<I_41_42>0</I_41_42>
					<D_RAMP_O>30</D_RAMP_O>
					<D_RAMP_M>90</D_RAMP_M>
					<D_HELIX_DIA>1.25</D_HELIX_DIA>
					<D_NEXT_FEED>1</D_NEXT_FEED>
				</TECHNOLOGIC_EXCEPTION_STANDARD>
			</PROFILE_STANDARD>
		</TECHNOLOGIC>
	</TOOL>
	<TOOL COMMENT="268 : Schruppfräser  D20x75  tastend">
		<IDENTITY>
			<S_NAME>Schruppfräser  D20x75  tastend</S_NAME>
			<S_BEME></S_BEME>
			<I_NUMM>268</I_NUMM>
			<I_GRUP>3</I_GRUP>
			<I_ACTIVE>1</I_ACTIVE>
		</IDENTITY>
		<MECHANICAL>
			<I_MAGA>0</I_MAGA>
			<I_LAGE>2</I_LAGE>
			<I_MANCH>0</I_MANCH>
			<I_PARD>0</I_PARD>
		</MECHANICAL>
		<GEOMETRIC>
			<D_DURC>20</D_DURC>
			<D_LAEN>163</D_LAEN>
			<D_SDUR>63</D_SDUR>
			<D_SLAE>75</D_SLAE>
			<D_S2DUR1>0</D_S2DUR1>
			<D_S2DUR2>0</D_S2DUR2>
			<D_S2LAE>0</D_S2LAE>
			<D_BLAE>75</D_BLAE>
			<D_FDUR>0</D_FDUR>
			<D_FLAE>0</D_FLAE>
			<I_STSC>1</I_STSC>
			<D_FLWI>0</D_FLWI>
			<D_KURA>0</D_KURA>
			<D_RLE1>0</D_RLE1>
			<D_RDI1>0</D_RDI1>
			<D_CUTLENGTH2>0</D_CUTLENGTH2>
			<D_AMIN>-0.001745</D_AMIN>
			<D_AMAX>1.572542</D_AMAX>
			<D_CMIN>0</D_CMIN>
			<D_CMAX>0</D_CMAX>
			<D_DRZ1>1</D_DRZ1>
		</GEOMETRIC>
		<TECHNOLOGIC>
			<PROFILE_STANDARD>
				<TECHNOLOGIC_EXCEPTION_STANDARD>
					<I_MAKR>0</I_MAKR>
					<D_V0RS>4000</D_V0RS>
					<D_DREH>14000</D_DREH>
					<D_RED1>0.6</D_RED1>
					<D_ESTI>20</D_ESTI>
					<D_SPAN>19</D_SPAN>
					<D_OFFSETWORK>0</D_OFFSETWORK>
					<D_RPL1>0</D_RPL1>
					<I_41_42>0</I_41_42>
					<D_RAMP_O>30</D_RAMP_O>
					<D_RAMP_M>90</D_RAMP_M>
					<D_HELIX_DIA>1.25</D_HELIX_DIA>
					<D_NEXT_FEED>1</D_NEXT_FEED>
				</TECHNOLOGIC_EXCEPTION_STANDARD>
			</PROFILE_STANDARD>
		</TECHNOLOGIC>
	</TOOL>
	<TOOL COMMENT="269 : Schruppfräser  D20x75  positioniert">
		<IDENTITY>
			<S_NAME>Schruppfräser  D20x75  positioniert</S_NAME>
			<S_BEME></S_BEME>
			<I_NUMM>269</I_NUMM>
			<I_GRUP>3</I_GRUP>
			<I_ACTIVE>1</I_ACTIVE>
		</IDENTITY>
		<MECHANICAL>
			<I_MAGA>0</I_MAGA>
			<I_LAGE>2</I_LAGE>
			<I_MANCH>0</I_MANCH>
			<I_PARD>0</I_PARD>
		</MECHANICAL>
		<GEOMETRIC>
			<D_DURC>20</D_DURC>
			<D_LAEN>163</D_LAEN>
			<D_SDUR>63</D_SDUR>
			<D_SLAE>75</D_SLAE>
			<D_S2DUR1>0</D_S2DUR1>
			<D_S2DUR2>0</D_S2DUR2>
			<D_S2LAE>0</D_S2LAE>
			<D_BLAE>75</D_BLAE>
			<D_FDUR>0</D_FDUR>
			<D_FLAE>0</D_FLAE>
			<I_STSC>1</I_STSC>
			<D_FLWI>0</D_FLWI>
			<D_KURA>0</D_KURA>
			<D_RLE1>0</D_RLE1>
			<D_RDI1>0</D_RDI1>
			<D_CUTLENGTH2>0</D_CUTLENGTH2>
			<D_AMIN>-0.001745</D_AMIN>
			<D_AMAX>1.572542</D_AMAX>
			<D_CMIN>0</D_CMIN>
			<D_CMAX>0</D_CMAX>
			<D_DRZ1>1</D_DRZ1>
		</GEOMETRIC>
		<TECHNOLOGIC>
			<PROFILE_STANDARD>
				<TECHNOLOGIC_EXCEPTION_STANDARD>
					<I_MAKR>0</I_MAKR>
					<D_V0RS>4000</D_V0RS>
					<D_DREH>14000</D_DREH>
					<D_RED1>0.6</D_RED1>
					<D_ESTI>20</D_ESTI>
					<D_SPAN>19</D_SPAN>
					<D_OFFSETWORK>0</D_OFFSETWORK>
					<D_RPL1>0</D_RPL1>
					<I_41_42>0</I_41_42>
					<D_RAMP_O>30</D_RAMP_O>
					<D_RAMP_M>90</D_RAMP_M>
					<D_HELIX_DIA>1.25</D_HELIX_DIA>
					<D_NEXT_FEED>1</D_NEXT_FEED>
				</TECHNOLOGIC_EXCEPTION_STANDARD>
			</PROFILE_STANDARD>
		</TECHNOLOGIC>
	</TOOL>
	<TOOL COMMENT="270 : Schruppfräser  D20x75  oben">
		<IDENTITY>
			<S_NAME>Schruppfräser  D20x75  oben</S_NAME>
			<S_BEME></S_BEME>
			<I_NUMM>270</I_NUMM>
			<I_GRUP>3</I_GRUP>
			<I_ACTIVE>1</I_ACTIVE>
		</IDENTITY>
		<MECHANICAL>
			<I_MAGA>0</I_MAGA>
			<I_LAGE>2</I_LAGE>
			<I_MANCH>0</I_MANCH>
			<I_PARD>0</I_PARD>
		</MECHANICAL>
		<GEOMETRIC>
			<D_DURC>20</D_DURC>
			<D_LAEN>163</D_LAEN>
			<D_SDUR>63</D_SDUR>
			<D_SLAE>75</D_SLAE>
			<D_S2DUR1>0</D_S2DUR1>
			<D_S2DUR2>0</D_S2DUR2>
			<D_S2LAE>0</D_S2LAE>
			<D_BLAE>75</D_BLAE>
			<D_FDUR>0</D_FDUR>
			<D_FLAE>0</D_FLAE>
			<I_STSC>1</I_STSC>
			<D_FLWI>0</D_FLWI>
			<D_KURA>0</D_KURA>
			<D_RLE1>0</D_RLE1>
			<D_RDI1>0</D_RDI1>
			<D_CUTLENGTH2>0</D_CUTLENGTH2>
			<D_AMIN>-0.001745</D_AMIN>
			<D_AMAX>1.572542</D_AMAX>
			<D_CMIN>0</D_CMIN>
			<D_CMAX>0</D_CMAX>
			<D_DRZ1>1</D_DRZ1>
		</GEOMETRIC>
		<TECHNOLOGIC>
			<PROFILE_STANDARD>
				<TECHNOLOGIC_EXCEPTION_STANDARD>
					<I_MAKR>0</I_MAKR>
					<D_V0RS>4000</D_V0RS>
					<D_DREH>14000</D_DREH>
					<D_RED1>0.6</D_RED1>
					<D_ESTI>20</D_ESTI>
					<D_SPAN>19</D_SPAN>
					<D_OFFSETWORK>0</D_OFFSETWORK>
					<D_RPL1>0</D_RPL1>
					<I_41_42>0</I_41_42>
					<D_RAMP_O>30</D_RAMP_O>
					<D_RAMP_M>90</D_RAMP_M>
					<D_HELIX_DIA>1.25</D_HELIX_DIA>
					<D_NEXT_FEED>1</D_NEXT_FEED>
				</TECHNOLOGIC_EXCEPTION_STANDARD>
			</PROFILE_STANDARD>
		</TECHNOLOGIC>
	</TOOL>
	<TOOL COMMENT="271 : Schruppfräser  D20x75  unten">
		<IDENTITY>
			<S_NAME>Schruppfräser  D20x75  unten</S_NAME>
			<S_BEME></S_BEME>
			<I_NUMM>271</I_NUMM>
			<I_GRUP>3</I_GRUP>
			<I_ACTIVE>1</I_ACTIVE>
		</IDENTITY>
		<MECHANICAL>
			<I_MAGA>0</I_MAGA>
			<I_LAGE>2</I_LAGE>
			<I_MANCH>0</I_MANCH>
			<I_PARD>0</I_PARD>
		</MECHANICAL>
		<GEOMETRIC>
			<D_DURC>20</D_DURC>
			<D_LAEN>163</D_LAEN>
			<D_SDUR>63</D_SDUR>
			<D_SLAE>75</D_SLAE>
			<D_S2DUR1>0</D_S2DUR1>
			<D_S2DUR2>0</D_S2DUR2>
			<D_S2LAE>0</D_S2LAE>
			<D_BLAE>75</D_BLAE>
			<D_FDUR>0</D_FDUR>
			<D_FLAE>0</D_FLAE>
			<I_STSC>1</I_STSC>
			<D_FLWI>0</D_FLWI>
			<D_KURA>0</D_KURA>
			<D_RLE1>0</D_RLE1>
			<D_RDI1>0</D_RDI1>
			<D_CUTLENGTH2>0</D_CUTLENGTH2>
			<D_AMIN>-0.001745</D_AMIN>
			<D_AMAX>1.572542</D_AMAX>
			<D_CMIN>0</D_CMIN>
			<D_CMAX>0</D_CMAX>
			<D_DRZ1>1</D_DRZ1>
		</GEOMETRIC>
		<TECHNOLOGIC>
			<PROFILE_STANDARD>
				<TECHNOLOGIC_EXCEPTION_STANDARD>
					<I_MAKR>0</I_MAKR>
					<D_V0RS>4000</D_V0RS>
					<D_DREH>14000</D_DREH>
					<D_RED1>0.6</D_RED1>
					<D_ESTI>20</D_ESTI>
					<D_SPAN>19</D_SPAN>
					<D_OFFSETWORK>0</D_OFFSETWORK>
					<D_RPL1>0</D_RPL1>
					<I_41_42>0</I_41_42>
					<D_RAMP_O>30</D_RAMP_O>
					<D_RAMP_M>90</D_RAMP_M>
					<D_HELIX_DIA>1.25</D_HELIX_DIA>
					<D_NEXT_FEED>1</D_NEXT_FEED>
				</TECHNOLOGIC_EXCEPTION_STANDARD>
			</PROFILE_STANDARD>
		</TECHNOLOGIC>
	</TOOL>
	<TOOL COMMENT="300 : DIA Schruppfräser  D25x53 ZH4.5   tastend">
		<IDENTITY>
			<S_NAME>DIA Schruppfräser  D25x53 ZH4.5   tastend</S_NAME>
			<S_BEME></S_BEME>
			<I_NUMM>300</I_NUMM>
			<I_GRUP>3</I_GRUP>
			<I_ACTIVE>1</I_ACTIVE>
		</IDENTITY>
		<MECHANICAL>
			<I_MAGA>0</I_MAGA>
			<I_LAGE>2</I_LAGE>
			<I_MANCH>0</I_MANCH>
			<I_PARD>0</I_PARD>
		</MECHANICAL>
		<GEOMETRIC>
			<D_DURC>25</D_DURC>
			<D_LAEN>146</D_LAEN>
			<D_SDUR>63</D_SDUR>
			<D_SLAE>75</D_SLAE>
			<D_S2DUR1>0</D_S2DUR1>
			<D_S2DUR2>0</D_S2DUR2>
			<D_S2LAE>0</D_S2LAE>
			<D_BLAE>53</D_BLAE>
			<D_FDUR>0</D_FDUR>
			<D_FLAE>0</D_FLAE>
			<I_STSC>1</I_STSC>
			<D_FLWI>0</D_FLWI>
			<D_KURA>0</D_KURA>
			<D_RLE1>0</D_RLE1>
			<D_RDI1>0</D_RDI1>
			<D_CUTLENGTH2>0</D_CUTLENGTH2>
			<D_AMIN>-0.001745</D_AMIN>
			<D_AMAX>1.572542</D_AMAX>
			<D_CMIN>0</D_CMIN>
			<D_CMAX>0</D_CMAX>
			<D_DRZ1>1</D_DRZ1>
		</GEOMETRIC>
		<TECHNOLOGIC>
			<PROFILE_STANDARD>
				<TECHNOLOGIC_EXCEPTION_STANDARD>
					<I_MAKR>0</I_MAKR>
					<D_V0RS>4000</D_V0RS>
					<D_DREH>14000</D_DREH>
					<D_RED1>0.6</D_RED1>
					<D_ESTI>25</D_ESTI>
					<D_SPAN>24</D_SPAN>
					<D_OFFSETWORK>0</D_OFFSETWORK>
					<D_RPL1>0</D_RPL1>
					<I_41_42>0</I_41_42>
					<D_RAMP_O>30</D_RAMP_O>
					<D_RAMP_M>90</D_RAMP_M>
					<D_HELIX_DIA>1.25</D_HELIX_DIA>
					<D_NEXT_FEED>1</D_NEXT_FEED>
				</TECHNOLOGIC_EXCEPTION_STANDARD>
			</PROFILE_STANDARD>
		</TECHNOLOGIC>
	</TOOL>
	<TOOL COMMENT="301 : DIA Schruppfräser  D25x53 ZH4.5   positioniert">
		<IDENTITY>
			<S_NAME>DIA Schruppfräser  D25x53 ZH4.5   positioniert</S_NAME>
			<S_BEME></S_BEME>
			<I_NUMM>301</I_NUMM>
			<I_GRUP>3</I_GRUP>
			<I_ACTIVE>1</I_ACTIVE>
		</IDENTITY>
		<MECHANICAL>
			<I_MAGA>0</I_MAGA>
			<I_LAGE>2</I_LAGE>
			<I_MANCH>0</I_MANCH>
			<I_PARD>0</I_PARD>
		</MECHANICAL>
		<GEOMETRIC>
			<D_DURC>25</D_DURC>
			<D_LAEN>146</D_LAEN>
			<D_SDUR>63</D_SDUR>
			<D_SLAE>75</D_SLAE>
			<D_S2DUR1>0</D_S2DUR1>
			<D_S2DUR2>0</D_S2DUR2>
			<D_S2LAE>0</D_S2LAE>
			<D_BLAE>53</D_BLAE>
			<D_FDUR>0</D_FDUR>
			<D_FLAE>0</D_FLAE>
			<I_STSC>1</I_STSC>
			<D_FLWI>0</D_FLWI>
			<D_KURA>0</D_KURA>
			<D_RLE1>0</D_RLE1>
			<D_RDI1>0</D_RDI1>
			<D_CUTLENGTH2>0</D_CUTLENGTH2>
			<D_AMIN>-0.001745</D_AMIN>
			<D_AMAX>1.572542</D_AMAX>
			<D_CMIN>0</D_CMIN>
			<D_CMAX>0</D_CMAX>
			<D_DRZ1>1</D_DRZ1>
		</GEOMETRIC>
		<TECHNOLOGIC>
			<PROFILE_STANDARD>
				<TECHNOLOGIC_EXCEPTION_STANDARD>
					<I_MAKR>0</I_MAKR>
					<D_V0RS>4000</D_V0RS>
					<D_DREH>14000</D_DREH>
					<D_RED1>0.6</D_RED1>
					<D_ESTI>25</D_ESTI>
					<D_SPAN>24</D_SPAN>
					<D_OFFSETWORK>0</D_OFFSETWORK>
					<D_RPL1>0</D_RPL1>
					<I_41_42>0</I_41_42>
					<D_RAMP_O>30</D_RAMP_O>
					<D_RAMP_M>90</D_RAMP_M>
					<D_HELIX_DIA>1.25</D_HELIX_DIA>
					<D_NEXT_FEED>1</D_NEXT_FEED>
				</TECHNOLOGIC_EXCEPTION_STANDARD>
			</PROFILE_STANDARD>
		</TECHNOLOGIC>
	</TOOL>
	<TOOL COMMENT="302 : DIA Schruppfräser  D25x53 ZH4.5   oben">
		<IDENTITY>
			<S_NAME>DIA Schruppfräser  D25x53 ZH4.5   oben</S_NAME>
			<S_BEME></S_BEME>
			<I_NUMM>302</I_NUMM>
			<I_GRUP>3</I_GRUP>
			<I_ACTIVE>1</I_ACTIVE>
		</IDENTITY>
		<MECHANICAL>
			<I_MAGA>0</I_MAGA>
			<I_LAGE>2</I_LAGE>
			<I_MANCH>0</I_MANCH>
			<I_PARD>0</I_PARD>
		</MECHANICAL>
		<GEOMETRIC>
			<D_DURC>25</D_DURC>
			<D_LAEN>146</D_LAEN>
			<D_SDUR>63</D_SDUR>
			<D_SLAE>75</D_SLAE>
			<D_S2DUR1>0</D_S2DUR1>
			<D_S2DUR2>0</D_S2DUR2>
			<D_S2LAE>0</D_S2LAE>
			<D_BLAE>53</D_BLAE>
			<D_FDUR>0</D_FDUR>
			<D_FLAE>0</D_FLAE>
			<I_STSC>1</I_STSC>
			<D_FLWI>0</D_FLWI>
			<D_KURA>0</D_KURA>
			<D_RLE1>0</D_RLE1>
			<D_RDI1>0</D_RDI1>
			<D_CUTLENGTH2>0</D_CUTLENGTH2>
			<D_AMIN>-0.001745</D_AMIN>
			<D_AMAX>1.572542</D_AMAX>
			<D_CMIN>0</D_CMIN>
			<D_CMAX>0</D_CMAX>
			<D_DRZ1>1</D_DRZ1>
		</GEOMETRIC>
		<TECHNOLOGIC>
			<PROFILE_STANDARD>
				<TECHNOLOGIC_EXCEPTION_STANDARD>
					<I_MAKR>0</I_MAKR>
					<D_V0RS>4000</D_V0RS>
					<D_DREH>14000</D_DREH>
					<D_RED1>0.6</D_RED1>
					<D_ESTI>25</D_ESTI>
					<D_SPAN>24</D_SPAN>
					<D_OFFSETWORK>0</D_OFFSETWORK>
					<D_RPL1>0</D_RPL1>
					<I_41_42>0</I_41_42>
					<D_RAMP_O>30</D_RAMP_O>
					<D_RAMP_M>90</D_RAMP_M>
					<D_HELIX_DIA>1.25</D_HELIX_DIA>
					<D_NEXT_FEED>1</D_NEXT_FEED>
				</TECHNOLOGIC_EXCEPTION_STANDARD>
			</PROFILE_STANDARD>
		</TECHNOLOGIC>
	</TOOL>
	<TOOL COMMENT="303 : DIA Schruppfräser  D25x53 ZH4.5   unten">
		<IDENTITY>
			<S_NAME>DIA Schruppfräser  D25x53 ZH4.5   unten</S_NAME>
			<S_BEME></S_BEME>
			<I_NUMM>303</I_NUMM>
			<I_GRUP>3</I_GRUP>
			<I_ACTIVE>1</I_ACTIVE>
		</IDENTITY>
		<MECHANICAL>
			<I_MAGA>0</I_MAGA>
			<I_LAGE>2</I_LAGE>
			<I_MANCH>0</I_MANCH>
			<I_PARD>0</I_PARD>
		</MECHANICAL>
		<GEOMETRIC>
			<D_DURC>25</D_DURC>
			<D_LAEN>146</D_LAEN>
			<D_SDUR>63</D_SDUR>
			<D_SLAE>75</D_SLAE>
			<D_S2DUR1>0</D_S2DUR1>
			<D_S2DUR2>0</D_S2DUR2>
			<D_S2LAE>0</D_S2LAE>
			<D_BLAE>53</D_BLAE>
			<D_FDUR>0</D_FDUR>
			<D_FLAE>0</D_FLAE>
			<I_STSC>1</I_STSC>
			<D_FLWI>0</D_FLWI>
			<D_KURA>0</D_KURA>
			<D_RLE1>0</D_RLE1>
			<D_RDI1>0</D_RDI1>
			<D_CUTLENGTH2>0</D_CUTLENGTH2>
			<D_AMIN>-0.001745</D_AMIN>
			<D_AMAX>1.572542</D_AMAX>
			<D_CMIN>0</D_CMIN>
			<D_CMAX>0</D_CMAX>
			<D_DRZ1>1</D_DRZ1>
		</GEOMETRIC>
		<TECHNOLOGIC>
			<PROFILE_STANDARD>
				<TECHNOLOGIC_EXCEPTION_STANDARD>
					<I_MAKR>0</I_MAKR>
					<D_V0RS>4000</D_V0RS>
					<D_DREH>14000</D_DREH>
					<D_RED1>0.6</D_RED1>
					<D_ESTI>25</D_ESTI>
					<D_SPAN>24</D_SPAN>
					<D_OFFSETWORK>0</D_OFFSETWORK>
					<D_RPL1>0</D_RPL1>
					<I_41_42>0</I_41_42>
					<D_RAMP_O>30</D_RAMP_O>
					<D_RAMP_M>90</D_RAMP_M>
					<D_HELIX_DIA>1.25</D_HELIX_DIA>
					<D_NEXT_FEED>1</D_NEXT_FEED>
				</TECHNOLOGIC_EXCEPTION_STANDARD>
			</PROFILE_STANDARD>
		</TECHNOLOGIC>
	</TOOL>
	<TOOL COMMENT="334 : Säge D300x3.2/2.2 Z48 HM">
		<IDENTITY>
			<S_NAME>Säge D300x3.2/2.2 Z48 HM</S_NAME>
			<S_BEME>Winkelaggr. 4-Achser</S_BEME>
			<I_NUMM>334</I_NUMM>
			<I_GRUP>1</I_GRUP>
			<I_ACTIVE>1</I_ACTIVE>
		</IDENTITY>
		<MECHANICAL>
			<I_MAGA>0</I_MAGA>
			<I_LAGE>1</I_LAGE>
			<I_MANCH>0</I_MANCH>
			<I_PARD>0</I_PARD>
		</MECHANICAL>
		<GEOMETRIC>
			<D_DURC>300</D_DURC>
			<D_LAEN>3.2</D_LAEN>
			<D_SDUR>60</D_SDUR>
			<D_SLAE>0</D_SLAE>
			<D_BLAE>3.2</D_BLAE>
			<D_FDUR>60</D_FDUR>
			<D_FLAE>13</D_FLAE>
			<D_DRZ1>1</D_DRZ1>
			<D_AMIN>-0.001745</D_AMIN>
			<D_AMAX>1.572542</D_AMAX>
			<D_CMIN>0</D_CMIN>
			<D_CMAX>0</D_CMAX>
		</GEOMETRIC>
		<TECHNOLOGIC>
			<PROFILE_STANDARD>
				<TECHNOLOGIC_EXCEPTION_STANDARD>
					<I_MAKR>0</I_MAKR>
					<D_V0RS>10000</D_V0RS>
					<D_DREH>6000</D_DREH>
					<D_RED1>0.1</D_RED1>
					<D_SPAN>165</D_SPAN>
					<D_RSPAN>1</D_RSPAN>
					<D_NOTCH>165</D_NOTCH>
					<I_41_42>0</I_41_42>
				</TECHNOLOGIC_EXCEPTION_STANDARD>
			</PROFILE_STANDARD>
		</TECHNOLOGIC>
	</TOOL>
	<TOOL COMMENT="342 : Säge D240x3.2/2.2 Z48  DIA">
		<IDENTITY>
			<S_NAME>Säge D240x3.2/2.2 Z48  DIA</S_NAME>
			<S_BEME>Winkelaggr. 4 Achser</S_BEME>
			<I_NUMM>342</I_NUMM>
			<I_GRUP>1</I_GRUP>
			<I_ACTIVE>1</I_ACTIVE>
		</IDENTITY>
		<MECHANICAL>
			<I_MAGA>0</I_MAGA>
			<I_LAGE>1</I_LAGE>
			<I_MANCH>0</I_MANCH>
			<I_PARD>0</I_PARD>
		</MECHANICAL>
		<GEOMETRIC>
			<D_DURC>240</D_DURC>
			<D_LAEN>3.2</D_LAEN>
			<D_SDUR>60</D_SDUR>
			<D_SLAE>0</D_SLAE>
			<D_BLAE>3.2</D_BLAE>
			<D_FDUR>60</D_FDUR>
			<D_FLAE>13</D_FLAE>
			<D_DRZ1>1</D_DRZ1>
			<D_AMIN>-0.001745</D_AMIN>
			<D_AMAX>1.572542</D_AMAX>
			<D_CMIN>0</D_CMIN>
			<D_CMAX>0</D_CMAX>
		</GEOMETRIC>
		<TECHNOLOGIC>
			<PROFILE_STANDARD>
				<TECHNOLOGIC_EXCEPTION_STANDARD>
					<I_MAKR>0</I_MAKR>
					<D_V0RS>10000</D_V0RS>
					<D_DREH>6000</D_DREH>
					<D_RED1>0.5</D_RED1>
					<D_SPAN>165</D_SPAN>
					<D_RSPAN>1</D_RSPAN>
					<D_NOTCH>165</D_NOTCH>
					<I_41_42>0</I_41_42>
				</TECHNOLOGIC_EXCEPTION_STANDARD>
			</PROFILE_STANDARD>
		</TECHNOLOGIC>
	</TOOL>
	<TOOL COMMENT="355 : Nagelgerät 2.8x65 Platz4">
		<IDENTITY>
			<S_NAME>Nagelgerät 2.8x65 Platz4</S_NAME>
			<S_BEME></S_BEME>
			<I_NUMM>355</I_NUMM>
			<I_GRUP>4</I_GRUP>
			<I_ACTIVE>0</I_ACTIVE>
		</IDENTITY>
		<MECHANICAL>
			<I_MAGA>0</I_MAGA>
			<I_LAGE>4</I_LAGE>
			<I_MANCH>0</I_MANCH>
			<I_PARD>0</I_PARD>
		</MECHANICAL>
		<GEOMETRIC>
			<D_DURC>60</D_DURC>
			<D_LAEN>202</D_LAEN>
			<D_SDUR>60</D_SDUR>
			<D_SLAE>54.09</D_SLAE>
			<D_BLAE>1</D_BLAE>
			<D_FLWI>0</D_FLWI>
		</GEOMETRIC>
		<TECHNOLOGIC>
			<PROFILE_STANDARD>
				<TECHNOLOGIC_EXCEPTION_STANDARD>
					<I_MAKR>0</I_MAKR>
					<D_V0RS>40000</D_V0RS>
					<D_NAILS>10</D_NAILS>
					<I_41_42>0</I_41_42>
				</TECHNOLOGIC_EXCEPTION_STANDARD>
			</PROFILE_STANDARD>
		</TECHNOLOGIC>
	</TOOL>
	<TOOL COMMENT="360 : Platz 5_ Klammer Standard 25-65mm">
		<IDENTITY>
			<S_NAME>Platz 5_ Klammer Standard 25-65mm</S_NAME>
			<S_BEME></S_BEME>
			<I_NUMM>360</I_NUMM>
			<I_GRUP>4</I_GRUP>
			<I_ACTIVE>1</I_ACTIVE>
		</IDENTITY>
		<MECHANICAL>
			<I_MAGA>0</I_MAGA>
			<I_LAGE>5</I_LAGE>
			<I_MANCH>0</I_MANCH>
			<I_PARD>0</I_PARD>
		</MECHANICAL>
		<GEOMETRIC>
			<D_DURC>60</D_DURC>
			<D_LAEN>207</D_LAEN>
			<D_SDUR>60</D_SDUR>
			<D_SLAE>54.09</D_SLAE>
			<D_BLAE>1</D_BLAE>
			<D_FLWI>30</D_FLWI>
		</GEOMETRIC>
		<TECHNOLOGIC>
			<PROFILE_STANDARD>
				<TECHNOLOGIC_EXCEPTION_STANDARD>
					<I_MAKR>0</I_MAKR>
					<D_V0RS>54000</D_V0RS>
					<D_NAILS>10</D_NAILS>
					<I_41_42>0</I_41_42>
				</TECHNOLOGIC_EXCEPTION_STANDARD>
			</PROFILE_STANDARD>
		</TECHNOLOGIC>
	</TOOL>
	<TOOL COMMENT="370 : Platz 6_ Klammer Standard 25-65mm">
		<IDENTITY>
			<S_NAME>Platz 6_ Klammer Standard 25-65mm</S_NAME>
			<S_BEME></S_BEME>
			<I_NUMM>370</I_NUMM>
			<I_GRUP>4</I_GRUP>
			<I_ACTIVE>1</I_ACTIVE>
		</IDENTITY>
		<MECHANICAL>
			<I_MAGA>0</I_MAGA>
			<I_LAGE>6</I_LAGE>
			<I_MANCH>0</I_MANCH>
			<I_PARD>0</I_PARD>
		</MECHANICAL>
		<GEOMETRIC>
			<D_DURC>60</D_DURC>
			<D_LAEN>220</D_LAEN>
			<D_SDUR>60</D_SDUR>
			<D_SLAE>54.09</D_SLAE>
			<D_BLAE>1</D_BLAE>
			<D_FLWI>30</D_FLWI>
		</GEOMETRIC>
		<TECHNOLOGIC>
			<PROFILE_STANDARD>
				<TECHNOLOGIC_EXCEPTION_STANDARD>
					<I_MAKR>0</I_MAKR>
					<D_V0RS>56000</D_V0RS>
					<D_NAILS>10</D_NAILS>
					<I_41_42>0</I_41_42>
				</TECHNOLOGIC_EXCEPTION_STANDARD>
			</PROFILE_STANDARD>
		</TECHNOLOGIC>
	</TOOL>
	<TOOL COMMENT="390 : Platz 8_ Breitklammer 70-130">
		<IDENTITY>
			<S_NAME>Platz 8_ Breitklammer 70-130</S_NAME>
			<S_BEME></S_BEME>
			<I_NUMM>390</I_NUMM>
			<I_GRUP>4</I_GRUP>
			<I_ACTIVE>1</I_ACTIVE>
		</IDENTITY>
		<MECHANICAL>
			<I_MAGA>0</I_MAGA>
			<I_LAGE>8</I_LAGE>
			<I_MANCH>0</I_MANCH>
			<I_PARD>0</I_PARD>
		</MECHANICAL>
		<GEOMETRIC>
			<D_DURC>60</D_DURC>
			<D_LAEN>215</D_LAEN>
			<D_SDUR>60</D_SDUR>
			<D_SLAE>54.09</D_SLAE>
			<D_BLAE>1</D_BLAE>
			<D_FLWI>30</D_FLWI>
		</GEOMETRIC>
		<TECHNOLOGIC>
			<PROFILE_STANDARD>
				<TECHNOLOGIC_EXCEPTION_STANDARD>
					<I_MAKR>0</I_MAKR>
					<D_V0RS>56000</D_V0RS>
					<D_NAILS>9</D_NAILS>
					<I_41_42>0</I_41_42>
				</TECHNOLOGIC_EXCEPTION_STANDARD>
			</PROFILE_STANDARD>
		</TECHNOLOGIC>
	</TOOL>
	<TOOL COMMENT="9998 : NICHT LÖSCHEN">
		<IDENTITY>
			<S_NAME>NICHT LÖSCHEN</S_NAME>
			<S_BEME>NICHT LÖSCHEN</S_BEME>
			<I_NUMM>9998</I_NUMM>
			<I_GRUP>1</I_GRUP>
			<I_ACTIVE>0</I_ACTIVE>
		</IDENTITY>
		<MECHANICAL>
			<I_MAGA>0</I_MAGA>
			<I_LAGE>1</I_LAGE>
			<I_MANCH>0</I_MANCH>
			<I_PARD>0</I_PARD>
		</MECHANICAL>
		<GEOMETRIC>
			<D_DURC>10</D_DURC>
			<D_LAEN>10</D_LAEN>
			<D_SDUR>1</D_SDUR>
			<D_SLAE>9</D_SLAE>
			<D_BLAE>6</D_BLAE>
			<D_FDUR>0</D_FDUR>
			<D_FLAE>0</D_FLAE>
			<D_DRZ1>0</D_DRZ1>
			<D_AMIN>0</D_AMIN>
			<D_AMAX>0</D_AMAX>
			<D_CMIN>0</D_CMIN>
			<D_CMAX>0</D_CMAX>
		</GEOMETRIC>
		<TECHNOLOGIC>
			<PROFILE_STANDARD>
				<TECHNOLOGIC_EXCEPTION_STANDARD>
					<I_MAKR>0</I_MAKR>
					<D_V0RS>0</D_V0RS>
					<D_DREH>0</D_DREH>
					<D_RED1>0</D_RED1>
					<D_SPAN>0</D_SPAN>
					<D_RSPAN>1</D_RSPAN>
					<D_NOTCH>0</D_NOTCH>
					<I_41_42>0</I_41_42>
				</TECHNOLOGIC_EXCEPTION_STANDARD>
			</PROFILE_STANDARD>
		</TECHNOLOGIC>
	</TOOL>
	<TOOL COMMENT="9999 : NICHT LÖSCHEN">
		<IDENTITY>
			<S_NAME>NICHT LÖSCHEN</S_NAME>
			<S_BEME>NICHT LÖSCHEN</S_BEME>
			<I_NUMM>9999</I_NUMM>
			<I_GRUP>6</I_GRUP>
			<I_ACTIVE>0</I_ACTIVE>
		</IDENTITY>
		<MECHANICAL>
			<I_MAGA>0</I_MAGA>
			<I_LAGE>2</I_LAGE>
			<I_MANCH>0</I_MANCH>
			<I_PARD>0</I_PARD>
		</MECHANICAL>
		<GEOMETRIC>
			<D_DURC>0</D_DURC>
			<D_LAEN>0</D_LAEN>
			<D_SDUR>0</D_SDUR>
			<D_SLAE>0</D_SLAE>
			<D_BLAE>0</D_BLAE>
			<D_MODE>0</D_MODE>
			<D_WNR1>0</D_WNR1>
			<D_ORTX>0</D_ORTX>
			<D_ORTY>0</D_ORTY>
			<D_ORTZ>0</D_ORTZ>
			<D_WINX>0</D_WINX>
			<D_WINY>0</D_WINY>
			<D_WINZ>0</D_WINZ>
			<D_DTANGLE>0</D_DTANGLE>
			<D_DTSPACE>0</D_DTSPACE>
			<D_AMIN>0</D_AMIN>
			<D_AMAX>0</D_AMAX>
			<D_CMIN>0</D_CMIN>
			<D_CMAX>0</D_CMAX>
			<I_INJECT>0</I_INJECT>
		</GEOMETRIC>
		<TECHNOLOGIC>
			<PROFILE_STANDARD>
				<TECHNOLOGIC_EXCEPTION_STANDARD>
					<I_MAKR>0</I_MAKR>
					<D_V0RS>0</D_V0RS>
					<D_DREH>0</D_DREH>
				</TECHNOLOGIC_EXCEPTION_STANDARD>
			</PROFILE_STANDARD>
		</TECHNOLOGIC>
	</TOOL>
</DATA_TOOLS>
