<?xml version="1.0" encoding="UTF-8" standalone="yes"?>
<!--lignocam settings data-->
<!--Copyright by Lignocam Sa-->
<!--LastModified with Version 17.6.453.69239-->
<!--LastModified on 21.11.2024 10:19:45-->
<!--LastModified by winuser TWM.Abbundcenter-->
<cxGridSettings>
	<cxGridSetting Version="1" Name="Minimum standard Spalte" Footer="FALSE">
		<GridColumn Key="0">
			<Width>100</Width>
			<Visible>True</Visible>
			<Index>0</Index>
			<GroupIndex>-1</GroupIndex>
			<SortOrder>0</SortOrder>
			<FooterSummaryKind>0</FooterSummaryKind>
			<FooterSummaryFormat/>
			<CustomColumnID>0</CustomColumnID>
			<ParameterKey>0_0</ParameterKey>
			<Caption>Name Bauteil</Caption>
		</GridColumn>
		<GridColumn Key="1">
			<Width>45</Width>
			<Visible>True</Visible>
			<Index>1</Index>
			<GroupIndex>-1</GroupIndex>
			<SortOrder>0</SortOrder>
			<FooterSummaryKind>0</FooterSummaryKind>
			<FooterSummaryFormat/>
			<CustomColumnID>1</CustomColumnID>
			<ParameterKey>0_1</ParameterKey>
			<Caption>Produktions-Nr.</Caption>
		</GridColumn>
		<GridColumn Key="2">
			<Width>56</Width>
			<Visible>True</Visible>
			<Index>5</Index>
			<GroupIndex>-1</GroupIndex>
			<SortOrder>0</SortOrder>
			<FooterSummaryKind>0</FooterSummaryKind>
			<FooterSummaryFormat/>
			<CustomColumnID>2</CustomColumnID>
			<ParameterKey>0_2</ParameterKey>
			<Caption>Länge [mm]</Caption>
		</GridColumn>
		<GridColumn Key="3">
			<Width>50</Width>
			<Visible>True</Visible>
			<Index>3</Index>
			<GroupIndex>-1</GroupIndex>
			<SortOrder>0</SortOrder>
			<FooterSummaryKind>0</FooterSummaryKind>
			<FooterSummaryFormat/>
			<CustomColumnID>3</CustomColumnID>
			<ParameterKey>0_3</ParameterKey>
			<Caption>Breite [mm]</Caption>
		</GridColumn>
		<GridColumn Key="4">
			<Width>58</Width>
			<Visible>True</Visible>
			<Index>4</Index>
			<GroupIndex>-1</GroupIndex>
			<SortOrder>0</SortOrder>
			<FooterSummaryKind>0</FooterSummaryKind>
			<FooterSummaryFormat/>
			<CustomColumnID>4</CustomColumnID>
			<ParameterKey>0_4</ParameterKey>
			<Caption>Höhe [mm]</Caption>
		</GridColumn>
		<GridColumn Key="5">
			<Width>70</Width>
			<Visible>True</Visible>
			<Index>6</Index>
			<GroupIndex>-1</GroupIndex>
			<SortOrder>0</SortOrder>
			<FooterSummaryKind>0</FooterSummaryKind>
			<FooterSummaryFormat/>
			<CustomColumnID>5</CustomColumnID>
			<ParameterKey>1_4</ParameterKey>
			<Caption>Lage (1-8)</Caption>
		</GridColumn>
		<GridColumn Key="6">
			<Width>56</Width>
			<Visible>True</Visible>
			<Index>18</Index>
			<GroupIndex>-1</GroupIndex>
			<SortOrder>0</SortOrder>
			<FooterSummaryKind>0</FooterSummaryKind>
			<FooterSummaryFormat/>
			<CustomColumnID>6</CustomColumnID>
			<ParameterKey>3_57</ParameterKey>
			<Caption>Längsrichtung</Caption>
		</GridColumn>
		<GridColumn Key="7">
			<Width>56</Width>
			<Visible>True</Visible>
			<Index>7</Index>
			<GroupIndex>-1</GroupIndex>
			<SortOrder>0</SortOrder>
			<FooterSummaryKind>0</FooterSummaryKind>
			<FooterSummaryFormat/>
			<CustomColumnID>7</CustomColumnID>
			<ParameterKey>1_1</ParameterKey>
			<Caption>Spannbild</Caption>
		</GridColumn>
		<GridColumn Key="8">
			<Width>158</Width>
			<Visible>True</Visible>
			<Index>20</Index>
			<GroupIndex>-1</GroupIndex>
			<SortOrder>0</SortOrder>
			<FooterSummaryKind>0</FooterSummaryKind>
			<FooterSummaryFormat/>
			<CustomColumnID>8</CustomColumnID>
			<ParameterKey>1_7</ParameterKey>
			<Caption>Nullpunkt-Nr</Caption>
		</GridColumn>
		<GridColumn Key="9">
			<Width>70</Width>
			<Visible>False</Visible>
			<Index>8</Index>
			<GroupIndex>-1</GroupIndex>
			<SortOrder>0</SortOrder>
			<FooterSummaryKind>0</FooterSummaryKind>
			<FooterSummaryFormat/>
			<CustomColumnID>9</CustomColumnID>
			<ParameterKey>1_8</ParameterKey>
			<Caption>Quadrant</Caption>
		</GridColumn>
		<GridColumn Key="10">
			<Width>70</Width>
			<Visible>True</Visible>
			<Index>12</Index>
			<GroupIndex>-1</GroupIndex>
			<SortOrder>0</SortOrder>
			<FooterSummaryKind>0</FooterSummaryKind>
			<FooterSummaryFormat/>
			<CustomColumnID>10</CustomColumnID>
			<ParameterKey>1_62</ParameterKey>
			<Caption>X-Bolzen</Caption>
		</GridColumn>
		<GridColumn Key="11">
			<Width>70</Width>
			<Visible>True</Visible>
			<Index>13</Index>
			<GroupIndex>-1</GroupIndex>
			<SortOrder>0</SortOrder>
			<FooterSummaryKind>0</FooterSummaryKind>
			<FooterSummaryFormat/>
			<CustomColumnID>11</CustomColumnID>
			<ParameterKey>1_63</ParameterKey>
			<Caption>Y-Bolzen</Caption>
		</GridColumn>
		<GridColumn Key="12">
			<Width>70</Width>
			<Visible>False</Visible>
			<Index>17</Index>
			<GroupIndex>-1</GroupIndex>
			<SortOrder>0</SortOrder>
			<FooterSummaryKind>0</FooterSummaryKind>
			<FooterSummaryFormat/>
			<CustomColumnID>12</CustomColumnID>
			<ParameterKey>2_26</ParameterKey>
			<Caption>U1 [mm]</Caption>
		</GridColumn>
		<GridColumn Key="13">
			<Width>70</Width>
			<Visible>False</Visible>
			<Index>19</Index>
			<GroupIndex>-1</GroupIndex>
			<SortOrder>0</SortOrder>
			<FooterSummaryKind>0</FooterSummaryKind>
			<FooterSummaryFormat/>
			<CustomColumnID>13</CustomColumnID>
			<ParameterKey>2_27</ParameterKey>
			<Caption>U2 [mm]</Caption>
		</GridColumn>
		<GridColumn Key="14">
			<Width>70</Width>
			<Visible>True</Visible>
			<Index>14</Index>
			<GroupIndex>-1</GroupIndex>
			<SortOrder>0</SortOrder>
			<FooterSummaryKind>0</FooterSummaryKind>
			<FooterSummaryFormat/>
			<CustomColumnID>14</CustomColumnID>
			<ParameterKey>2_6</ParameterKey>
			<Caption>X Versch. [mm]</Caption>
		</GridColumn>
		<GridColumn Key="15">
			<Width>70</Width>
			<Visible>True</Visible>
			<Index>15</Index>
			<GroupIndex>-1</GroupIndex>
			<SortOrder>0</SortOrder>
			<FooterSummaryKind>0</FooterSummaryKind>
			<FooterSummaryFormat/>
			<CustomColumnID>15</CustomColumnID>
			<ParameterKey>2_7</ParameterKey>
			<Caption>Y Versch. [mm]</Caption>
		</GridColumn>
		<GridColumn Key="16">
			<Width>70</Width>
			<Visible>True</Visible>
			<Index>16</Index>
			<GroupIndex>-1</GroupIndex>
			<SortOrder>0</SortOrder>
			<FooterSummaryKind>0</FooterSummaryKind>
			<FooterSummaryFormat/>
			<CustomColumnID>16</CustomColumnID>
			<ParameterKey>2_8</ParameterKey>
			<Caption>Z Versch. [mm]</Caption>
		</GridColumn>
		<GridColumn Key="17">
			<Width>70</Width>
			<Visible>False</Visible>
			<Index>17</Index>
			<GroupIndex>-1</GroupIndex>
			<SortOrder>0</SortOrder>
			<FooterSummaryKind>0</FooterSummaryKind>
			<FooterSummaryFormat/>
			<CustomColumnID>17</CustomColumnID>
			<ParameterKey>2_3</ParameterKey>
			<Caption>A [deg]</Caption>
		</GridColumn>
		<GridColumn Key="18">
			<Width>70</Width>
			<Visible>False</Visible>
			<Index>18</Index>
			<GroupIndex>-1</GroupIndex>
			<SortOrder>0</SortOrder>
			<FooterSummaryKind>0</FooterSummaryKind>
			<FooterSummaryFormat/>
			<CustomColumnID>18</CustomColumnID>
			<ParameterKey>2_4</ParameterKey>
			<Caption>B [deg]</Caption>
		</GridColumn>
		<GridColumn Key="19">
			<Width>70</Width>
			<Visible>False</Visible>
			<Index>19</Index>
			<GroupIndex>-1</GroupIndex>
			<SortOrder>0</SortOrder>
			<FooterSummaryKind>0</FooterSummaryKind>
			<FooterSummaryFormat/>
			<CustomColumnID>19</CustomColumnID>
			<ParameterKey>2_5</ParameterKey>
			<Caption>C [deg]</Caption>
		</GridColumn>
		<GridColumn Key="20">
			<Width>70</Width>
			<Visible>False</Visible>
			<Index>9</Index>
			<GroupIndex>-1</GroupIndex>
			<SortOrder>0</SortOrder>
			<FooterSummaryKind>0</FooterSummaryKind>
			<FooterSummaryFormat/>
			<CustomColumnID>20</CustomColumnID>
			<ParameterKey>1_6</ParameterKey>
			<Caption>Anzahl Bauteile Charge</Caption>
		</GridColumn>
		<GridColumn Key="21">
			<Width>70</Width>
			<Visible>False</Visible>
			<Index>10</Index>
			<GroupIndex>-1</GroupIndex>
			<SortOrder>0</SortOrder>
			<FooterSummaryKind>0</FooterSummaryKind>
			<FooterSummaryFormat/>
			<CustomColumnID>21</CustomColumnID>
			<ParameterKey>2_9</ParameterKey>
			<Caption>zwi. Abstand Bauteil [mm]</Caption>
		</GridColumn>
		<GridColumn Key="22">
			<Width>70</Width>
			<Visible>False</Visible>
			<Index>11</Index>
			<GroupIndex>-1</GroupIndex>
			<SortOrder>0</SortOrder>
			<FooterSummaryKind>0</FooterSummaryKind>
			<FooterSummaryFormat/>
			<CustomColumnID>22</CustomColumnID>
			<ParameterKey>2_28</ParameterKey>
			<Caption>Achsabstand [mm]</Caption>
		</GridColumn>
		<GridColumn Key="23">
			<Width>70</Width>
			<Visible>False</Visible>
			<Index>23</Index>
			<GroupIndex>-1</GroupIndex>
			<SortOrder>0</SortOrder>
			<FooterSummaryKind>0</FooterSummaryKind>
			<FooterSummaryFormat/>
			<CustomColumnID>23</CustomColumnID>
			<ParameterKey>1_172</ParameterKey>
			<Caption>Etappe der Schichten</Caption>
		</GridColumn>
		<GridColumn Key="24">
			<Width>70</Width>
			<Visible>False</Visible>
			<Index>24</Index>
			<GroupIndex>-1</GroupIndex>
			<SortOrder>0</SortOrder>
			<FooterSummaryKind>0</FooterSummaryKind>
			<FooterSummaryFormat/>
			<CustomColumnID>24</CustomColumnID>
			<ParameterKey>4_173</ParameterKey>
			<Caption>Schicht (+)/(-)</Caption>
		</GridColumn>
		<GridColumn Key="25">
			<Width>55</Width>
			<Visible>True</Visible>
			<Index>2</Index>
			<GroupIndex>-1</GroupIndex>
			<SortOrder>0</SortOrder>
			<FooterSummaryKind>0</FooterSummaryKind>
			<FooterSummaryFormat/>
			<CustomColumnID>25</CustomColumnID>
			<ParameterKey>1_1000</ParameterKey>
			<Caption>Anzahl Bauteil (BTL)</Caption>
		</GridColumn>
		<GridColumn Key="26">
			<Width>70</Width>
			<Visible>False</Visible>
			<Index>21</Index>
			<GroupIndex>-1</GroupIndex>
			<SortOrder>0</SortOrder>
			<FooterSummaryKind>0</FooterSummaryKind>
			<FooterSummaryFormat/>
			<CustomColumnID>26</CustomColumnID>
			<ParameterKey>1_169</ParameterKey>
			<Caption>Anzahl Durchläufe auf der Maschine</Caption>
		</GridColumn>
		<GridColumn Key="27">
			<Width>70</Width>
			<Visible>False</Visible>
			<Index>22</Index>
			<GroupIndex>-1</GroupIndex>
			<SortOrder>0</SortOrder>
			<FooterSummaryKind>0</FooterSummaryKind>
			<FooterSummaryFormat/>
			<CustomColumnID>27</CustomColumnID>
			<ParameterKey>1_1001</ParameterKey>
			<Caption>Anzahl gefertigt (Anzahl pro Charge x Durchläufe)</Caption>
		</GridColumn>
		<GridColumn Key="28">
			<Width>70</Width>
			<Visible>False</Visible>
			<Index>23</Index>
			<GroupIndex>-1</GroupIndex>
			<SortOrder>0</SortOrder>
			<FooterSummaryKind>0</FooterSummaryKind>
			<FooterSummaryFormat/>
			<CustomColumnID>28</CustomColumnID>
			<ParameterKey>1_1002</ParameterKey>
			<Caption>Anzahl ausstehend (Anzahl BTL - Anzahl gefertigt)</Caption>
		</GridColumn>
		<GridColumn Key="29">
			<Width>100</Width>
			<Visible>False</Visible>
			<Index>24</Index>
			<GroupIndex>-1</GroupIndex>
			<SortOrder>0</SortOrder>
			<FooterSummaryKind>0</FooterSummaryKind>
			<FooterSummaryFormat/>
			<CustomColumnID>29</CustomColumnID>
			<ParameterKey>1_1003</ParameterKey>
			<Caption>Bemerkung Charge</Caption>
		</GridColumn>
		<GridColumn Key="30">
			<Width>70</Width>
			<Visible>False</Visible>
			<Index>25</Index>
			<GroupIndex>-1</GroupIndex>
			<SortOrder>0</SortOrder>
			<FooterSummaryKind>0</FooterSummaryKind>
			<FooterSummaryFormat/>
			<CustomColumnID>30</CustomColumnID>
			<ParameterKey>1_1004</ParameterKey>
			<Caption>Stückliste-Nr.</Caption>
		</GridColumn>
		<GridColumn Key="31">
			<Width>100</Width>
			<Visible>False</Visible>
			<Index>31</Index>
			<GroupIndex>-1</GroupIndex>
			<SortOrder>0</SortOrder>
			<FooterSummaryKind>0</FooterSummaryKind>
			<FooterSummaryFormat/>
			<CustomColumnID>31</CustomColumnID>
			<ParameterKey>1_1009</ParameterKey>
			<Caption>UID2Bproduced</Caption>
		</GridColumn>
		<GridColumn Key="32">
			<Width>100</Width>
			<Visible>False</Visible>
			<Index>27</Index>
			<GroupIndex>-1</GroupIndex>
			<SortOrder>0</SortOrder>
			<FooterSummaryKind>0</FooterSummaryKind>
			<FooterSummaryFormat/>
			<CustomColumnID>32</CustomColumnID>
			<ParameterKey>1_1005</ParameterKey>
			<Caption>Material</Caption>
		</GridColumn>
		<GridColumn Key="33">
			<Width>100</Width>
			<Visible>False</Visible>
			<Index>33</Index>
			<GroupIndex>-1</GroupIndex>
			<SortOrder>0</SortOrder>
			<FooterSummaryKind>0</FooterSummaryKind>
			<FooterSummaryFormat/>
			<CustomColumnID>33</CustomColumnID>
			<ParameterKey>1_1006</ParameterKey>
			<Caption>Anmerkung Bauteil</Caption>
		</GridColumn>
		<GridColumn Key="34">
			<Width>100</Width>
			<Visible>False</Visible>
			<Index>34</Index>
			<GroupIndex>-1</GroupIndex>
			<SortOrder>0</SortOrder>
			<FooterSummaryKind>0</FooterSummaryKind>
			<FooterSummaryFormat/>
			<CustomColumnID>34</CustomColumnID>
			<ParameterKey>1_1007</ParameterKey>
			<Caption>Kommentar Bauteil</Caption>
		</GridColumn>
		<GridColumn Key="35">
			<Width>70</Width>
			<Visible>False</Visible>
			<Index>35</Index>
			<GroupIndex>-1</GroupIndex>
			<SortOrder>0</SortOrder>
			<FooterSummaryKind>0</FooterSummaryKind>
			<FooterSummaryFormat/>
			<CustomColumnID>35</CustomColumnID>
			<ParameterKey>1_1008</ParameterKey>
			<Caption>Schicht</Caption>
		</GridColumn>
		<GridColumn Key="36">
			<Width>100</Width>
			<Visible>False</Visible>
			<Index>36</Index>
			<GroupIndex>-1</GroupIndex>
			<SortOrder>0</SortOrder>
			<FooterSummaryKind>0</FooterSummaryKind>
			<FooterSummaryFormat/>
			<CustomColumnID>36</CustomColumnID>
			<ParameterKey>1_0</ParameterKey>
			<Caption>UID Charge</Caption>
		</GridColumn>
		<GridColumn Key="37">
			<Width>100</Width>
			<Visible>False</Visible>
			<Index>37</Index>
			<GroupIndex>-1</GroupIndex>
			<SortOrder>0</SortOrder>
			<FooterSummaryKind>0</FooterSummaryKind>
			<FooterSummaryFormat/>
			<CustomColumnID>37</CustomColumnID>
			<ParameterKey>1_1010</ParameterKey>
			<Caption>Bauteil-Typ</Caption>
		</GridColumn>
		<GridColumn Key="38">
			<Width>100</Width>
			<Visible>False</Visible>
			<Index>38</Index>
			<GroupIndex>-1</GroupIndex>
			<SortOrder>0</SortOrder>
			<FooterSummaryKind>0</FooterSummaryKind>
			<FooterSummaryFormat/>
			<CustomColumnID>38</CustomColumnID>
			<ParameterKey>1_1011</ParameterKey>
			<Caption>Composite-Typ</Caption>
		</GridColumn>
		<GridColumn Key="39">
			<Width>100</Width>
			<Visible>False</Visible>
			<Index>39</Index>
			<GroupIndex>-1</GroupIndex>
			<SortOrder>0</SortOrder>
			<FooterSummaryKind>0</FooterSummaryKind>
			<FooterSummaryFormat/>
			<CustomColumnID>39</CustomColumnID>
			<ParameterKey>1_1012</ParameterKey>
			<Caption>UID des Bauteils (BTL)</Caption>
		</GridColumn>
		<GridColumn Key="40">
			<Width>100</Width>
			<Visible>False</Visible>
			<Index>40</Index>
			<GroupIndex>-1</GroupIndex>
			<SortOrder>0</SortOrder>
			<FooterSummaryKind>0</FooterSummaryKind>
			<FooterSummaryFormat/>
			<CustomColumnID>40</CustomColumnID>
			<ParameterKey>1_1013</ParameterKey>
			<Caption>Count2Bproduced</Caption>
		</GridColumn>
		<GridColumn Key="41">
			<Width>100</Width>
			<Visible>False</Visible>
			<Index>41</Index>
			<GroupIndex>-1</GroupIndex>
			<SortOrder>0</SortOrder>
			<FooterSummaryKind>0</FooterSummaryKind>
			<FooterSummaryFormat/>
			<CustomColumnID>41</CustomColumnID>
			<ParameterKey>1_1014</ParameterKey>
			<Caption>Baugruppe</Caption>
		</GridColumn>
		<GridColumn Key="42">
			<Width>100</Width>
			<Visible>False</Visible>
			<Index>42</Index>
			<GroupIndex>-1</GroupIndex>
			<SortOrder>0</SortOrder>
			<FooterSummaryKind>0</FooterSummaryKind>
			<FooterSummaryFormat/>
			<CustomColumnID>42</CustomColumnID>
			<ParameterKey>1_1015</ParameterKey>
			<Caption>Bauuntergruppe/Stockwerk</Caption>
		</GridColumn>
		<GridColumn Key="43">
			<Width>70</Width>
			<Visible>False</Visible>
			<Index>43</Index>
			<GroupIndex>-1</GroupIndex>
			<SortOrder>0</SortOrder>
			<FooterSummaryKind>0</FooterSummaryKind>
			<FooterSummaryFormat/>
			<CustomColumnID>43</CustomColumnID>
			<ParameterKey>2_142</ParameterKey>
			<Caption>StartIso2Bproduced</Caption>
		</GridColumn>
		<GridColumn Key="44">
			<Width>100</Width>
			<Visible>False</Visible>
			<Index>44</Index>
			<GroupIndex>-1</GroupIndex>
			<SortOrder>0</SortOrder>
			<FooterSummaryKind>0</FooterSummaryKind>
			<FooterSummaryFormat/>
			<CustomColumnID>44</CustomColumnID>
			<ParameterKey>1_1016</ParameterKey>
			<Caption>XAM-GUID</Caption>
		</GridColumn>
		<GridColumn Key="45">
			<Width>100</Width>
			<Visible>False</Visible>
			<Index>45</Index>
			<GroupIndex>-1</GroupIndex>
			<SortOrder>0</SortOrder>
			<FooterSummaryKind>0</FooterSummaryKind>
			<FooterSummaryFormat/>
			<CustomColumnID>45</CustomColumnID>
			<ParameterKey>1_1017</ParameterKey>
			<Caption>Projekt-GUID</Caption>
		</GridColumn>
	</cxGridSetting>
	<cxGridSetting Version="1" Name="default__setting__" Footer="FALSE">
		<GridColumn Key="0">
			<Width>100</Width>
			<Visible>True</Visible>
			<Index>0</Index>
			<GroupIndex>-1</GroupIndex>
			<SortOrder>0</SortOrder>
			<FooterSummaryKind>0</FooterSummaryKind>
			<FooterSummaryFormat/>
			<CustomColumnID>0</CustomColumnID>
			<ParameterKey>0_0</ParameterKey>
			<Caption>Name Bauteil</Caption>
		</GridColumn>
		<GridColumn Key="1">
			<Width>60</Width>
			<Visible>True</Visible>
			<Index>1</Index>
			<GroupIndex>-1</GroupIndex>
			<SortOrder>0</SortOrder>
			<FooterSummaryKind>0</FooterSummaryKind>
			<FooterSummaryFormat/>
			<CustomColumnID>1</CustomColumnID>
			<ParameterKey>0_1</ParameterKey>
			<Caption>Produktions-Nr.</Caption>
		</GridColumn>
		<GridColumn Key="2">
			<Width>70</Width>
			<Visible>True</Visible>
			<Index>2</Index>
			<GroupIndex>-1</GroupIndex>
			<SortOrder>0</SortOrder>
			<FooterSummaryKind>0</FooterSummaryKind>
			<FooterSummaryFormat/>
			<CustomColumnID>2</CustomColumnID>
			<ParameterKey>0_2</ParameterKey>
			<Caption>Länge [mm]</Caption>
		</GridColumn>
		<GridColumn Key="3">
			<Width>70</Width>
			<Visible>True</Visible>
			<Index>3</Index>
			<GroupIndex>-1</GroupIndex>
			<SortOrder>0</SortOrder>
			<FooterSummaryKind>0</FooterSummaryKind>
			<FooterSummaryFormat/>
			<CustomColumnID>3</CustomColumnID>
			<ParameterKey>0_3</ParameterKey>
			<Caption>Breite [mm]</Caption>
		</GridColumn>
		<GridColumn Key="4">
			<Width>70</Width>
			<Visible>True</Visible>
			<Index>4</Index>
			<GroupIndex>-1</GroupIndex>
			<SortOrder>0</SortOrder>
			<FooterSummaryKind>0</FooterSummaryKind>
			<FooterSummaryFormat/>
			<CustomColumnID>4</CustomColumnID>
			<ParameterKey>0_4</ParameterKey>
			<Caption>Höhe [mm]</Caption>
		</GridColumn>
		<GridColumn Key="5">
			<Width>70</Width>
			<Visible>True</Visible>
			<Index>5</Index>
			<GroupIndex>-1</GroupIndex>
			<SortOrder>0</SortOrder>
			<FooterSummaryKind>0</FooterSummaryKind>
			<FooterSummaryFormat/>
			<CustomColumnID>5</CustomColumnID>
			<ParameterKey>1_4</ParameterKey>
			<Caption>Lage (1-8)</Caption>
		</GridColumn>
		<GridColumn Key="6">
			<Width>70</Width>
			<Visible>True</Visible>
			<Index>6</Index>
			<GroupIndex>-1</GroupIndex>
			<SortOrder>0</SortOrder>
			<FooterSummaryKind>0</FooterSummaryKind>
			<FooterSummaryFormat/>
			<CustomColumnID>6</CustomColumnID>
			<ParameterKey>3_57</ParameterKey>
			<Caption>Längsrichtung</Caption>
		</GridColumn>
		<GridColumn Key="7">
			<Width>70</Width>
			<Visible>True</Visible>
			<Index>7</Index>
			<GroupIndex>-1</GroupIndex>
			<SortOrder>0</SortOrder>
			<FooterSummaryKind>0</FooterSummaryKind>
			<FooterSummaryFormat/>
			<CustomColumnID>7</CustomColumnID>
			<ParameterKey>1_1</ParameterKey>
			<Caption>Spannbild</Caption>
		</GridColumn>
		<GridColumn Key="8">
			<Width>70</Width>
			<Visible>True</Visible>
			<Index>8</Index>
			<GroupIndex>-1</GroupIndex>
			<SortOrder>0</SortOrder>
			<FooterSummaryKind>0</FooterSummaryKind>
			<FooterSummaryFormat/>
			<CustomColumnID>8</CustomColumnID>
			<ParameterKey>1_7</ParameterKey>
			<Caption>Nullpunkt-Nr</Caption>
		</GridColumn>
		<GridColumn Key="9">
			<Width>70</Width>
			<Visible>True</Visible>
			<Index>9</Index>
			<GroupIndex>-1</GroupIndex>
			<SortOrder>0</SortOrder>
			<FooterSummaryKind>0</FooterSummaryKind>
			<FooterSummaryFormat/>
			<CustomColumnID>9</CustomColumnID>
			<ParameterKey>1_8</ParameterKey>
			<Caption>Quadrant</Caption>
		</GridColumn>
		<GridColumn Key="10">
			<Width>70</Width>
			<Visible>True</Visible>
			<Index>10</Index>
			<GroupIndex>-1</GroupIndex>
			<SortOrder>0</SortOrder>
			<FooterSummaryKind>0</FooterSummaryKind>
			<FooterSummaryFormat/>
			<CustomColumnID>10</CustomColumnID>
			<ParameterKey>1_62</ParameterKey>
			<Caption>X-Bolzen</Caption>
		</GridColumn>
		<GridColumn Key="11">
			<Width>70</Width>
			<Visible>True</Visible>
			<Index>11</Index>
			<GroupIndex>-1</GroupIndex>
			<SortOrder>0</SortOrder>
			<FooterSummaryKind>0</FooterSummaryKind>
			<FooterSummaryFormat/>
			<CustomColumnID>11</CustomColumnID>
			<ParameterKey>1_63</ParameterKey>
			<Caption>Y-Bolzen</Caption>
		</GridColumn>
		<GridColumn Key="12">
			<Width>70</Width>
			<Visible>True</Visible>
			<Index>12</Index>
			<GroupIndex>-1</GroupIndex>
			<SortOrder>0</SortOrder>
			<FooterSummaryKind>0</FooterSummaryKind>
			<FooterSummaryFormat/>
			<CustomColumnID>12</CustomColumnID>
			<ParameterKey>2_26</ParameterKey>
			<Caption>U1 [mm]</Caption>
		</GridColumn>
		<GridColumn Key="13">
			<Width>70</Width>
			<Visible>True</Visible>
			<Index>13</Index>
			<GroupIndex>-1</GroupIndex>
			<SortOrder>0</SortOrder>
			<FooterSummaryKind>0</FooterSummaryKind>
			<FooterSummaryFormat/>
			<CustomColumnID>13</CustomColumnID>
			<ParameterKey>2_27</ParameterKey>
			<Caption>U2 [mm]</Caption>
		</GridColumn>
		<GridColumn Key="14">
			<Width>70</Width>
			<Visible>True</Visible>
			<Index>14</Index>
			<GroupIndex>-1</GroupIndex>
			<SortOrder>0</SortOrder>
			<FooterSummaryKind>0</FooterSummaryKind>
			<FooterSummaryFormat/>
			<CustomColumnID>14</CustomColumnID>
			<ParameterKey>2_6</ParameterKey>
			<Caption>X Versch. [mm]</Caption>
		</GridColumn>
		<GridColumn Key="15">
			<Width>70</Width>
			<Visible>True</Visible>
			<Index>15</Index>
			<GroupIndex>-1</GroupIndex>
			<SortOrder>0</SortOrder>
			<FooterSummaryKind>0</FooterSummaryKind>
			<FooterSummaryFormat/>
			<CustomColumnID>15</CustomColumnID>
			<ParameterKey>2_7</ParameterKey>
			<Caption>Y Versch. [mm]</Caption>
		</GridColumn>
		<GridColumn Key="16">
			<Width>70</Width>
			<Visible>True</Visible>
			<Index>16</Index>
			<GroupIndex>-1</GroupIndex>
			<SortOrder>0</SortOrder>
			<FooterSummaryKind>0</FooterSummaryKind>
			<FooterSummaryFormat/>
			<CustomColumnID>16</CustomColumnID>
			<ParameterKey>2_8</ParameterKey>
			<Caption>Z Versch. [mm]</Caption>
		</GridColumn>
		<GridColumn Key="17">
			<Width>70</Width>
			<Visible>True</Visible>
			<Index>17</Index>
			<GroupIndex>-1</GroupIndex>
			<SortOrder>0</SortOrder>
			<FooterSummaryKind>0</FooterSummaryKind>
			<FooterSummaryFormat/>
			<CustomColumnID>17</CustomColumnID>
			<ParameterKey>2_3</ParameterKey>
			<Caption>A [deg]</Caption>
		</GridColumn>
		<GridColumn Key="18">
			<Width>70</Width>
			<Visible>True</Visible>
			<Index>18</Index>
			<GroupIndex>-1</GroupIndex>
			<SortOrder>0</SortOrder>
			<FooterSummaryKind>0</FooterSummaryKind>
			<FooterSummaryFormat/>
			<CustomColumnID>18</CustomColumnID>
			<ParameterKey>2_4</ParameterKey>
			<Caption>B [deg]</Caption>
		</GridColumn>
		<GridColumn Key="19">
			<Width>70</Width>
			<Visible>True</Visible>
			<Index>19</Index>
			<GroupIndex>-1</GroupIndex>
			<SortOrder>0</SortOrder>
			<FooterSummaryKind>0</FooterSummaryKind>
			<FooterSummaryFormat/>
			<CustomColumnID>19</CustomColumnID>
			<ParameterKey>2_5</ParameterKey>
			<Caption>C [deg]</Caption>
		</GridColumn>
		<GridColumn Key="20">
			<Width>100</Width>
			<Visible>True</Visible>
			<Index>20</Index>
			<GroupIndex>-1</GroupIndex>
			<SortOrder>0</SortOrder>
			<FooterSummaryKind>0</FooterSummaryKind>
			<FooterSummaryFormat/>
			<CustomColumnID>20</CustomColumnID>
			<ParameterKey>1_6</ParameterKey>
			<Caption>Anzahl Bauteile Charge</Caption>
		</GridColumn>
		<GridColumn Key="21">
			<Width>70</Width>
			<Visible>True</Visible>
			<Index>21</Index>
			<GroupIndex>-1</GroupIndex>
			<SortOrder>0</SortOrder>
			<FooterSummaryKind>0</FooterSummaryKind>
			<FooterSummaryFormat/>
			<CustomColumnID>21</CustomColumnID>
			<ParameterKey>2_9</ParameterKey>
			<Caption>zwi. Abstand Bauteil [mm]</Caption>
		</GridColumn>
		<GridColumn Key="22">
			<Width>70</Width>
			<Visible>True</Visible>
			<Index>22</Index>
			<GroupIndex>-1</GroupIndex>
			<SortOrder>0</SortOrder>
			<FooterSummaryKind>0</FooterSummaryKind>
			<FooterSummaryFormat/>
			<CustomColumnID>22</CustomColumnID>
			<ParameterKey>2_28</ParameterKey>
			<Caption>Achsabstand [mm]</Caption>
		</GridColumn>
		<GridColumn Key="23">
			<Width>70</Width>
			<Visible>True</Visible>
			<Index>23</Index>
			<GroupIndex>-1</GroupIndex>
			<SortOrder>0</SortOrder>
			<FooterSummaryKind>0</FooterSummaryKind>
			<FooterSummaryFormat/>
			<CustomColumnID>23</CustomColumnID>
			<ParameterKey>1_172</ParameterKey>
			<Caption>Etappe der Schichten</Caption>
		</GridColumn>
		<GridColumn Key="24">
			<Width>70</Width>
			<Visible>True</Visible>
			<Index>24</Index>
			<GroupIndex>-1</GroupIndex>
			<SortOrder>0</SortOrder>
			<FooterSummaryKind>0</FooterSummaryKind>
			<FooterSummaryFormat/>
			<CustomColumnID>24</CustomColumnID>
			<ParameterKey>4_173</ParameterKey>
			<Caption>Schicht (+)/(-)</Caption>
		</GridColumn>
		<GridColumn Key="25">
			<Width>100</Width>
			<Visible>True</Visible>
			<Index>25</Index>
			<GroupIndex>-1</GroupIndex>
			<SortOrder>0</SortOrder>
			<FooterSummaryKind>0</FooterSummaryKind>
			<FooterSummaryFormat/>
			<CustomColumnID>25</CustomColumnID>
			<ParameterKey>1_1000</ParameterKey>
			<Caption>Anzahl Bauteil (BTL)</Caption>
		</GridColumn>
		<GridColumn Key="26">
			<Width>70</Width>
			<Visible>True</Visible>
			<Index>26</Index>
			<GroupIndex>-1</GroupIndex>
			<SortOrder>0</SortOrder>
			<FooterSummaryKind>0</FooterSummaryKind>
			<FooterSummaryFormat/>
			<CustomColumnID>26</CustomColumnID>
			<ParameterKey>1_169</ParameterKey>
			<Caption>Anzahl Durchläufe auf der Maschine</Caption>
		</GridColumn>
		<GridColumn Key="27">
			<Width>70</Width>
			<Visible>True</Visible>
			<Index>27</Index>
			<GroupIndex>-1</GroupIndex>
			<SortOrder>0</SortOrder>
			<FooterSummaryKind>0</FooterSummaryKind>
			<FooterSummaryFormat/>
			<CustomColumnID>27</CustomColumnID>
			<ParameterKey>1_1001</ParameterKey>
			<Caption>Anzahl gefertigt (Anzahl pro Charge x Durchläufe)</Caption>
		</GridColumn>
		<GridColumn Key="28">
			<Width>70</Width>
			<Visible>True</Visible>
			<Index>28</Index>
			<GroupIndex>-1</GroupIndex>
			<SortOrder>0</SortOrder>
			<FooterSummaryKind>0</FooterSummaryKind>
			<FooterSummaryFormat/>
			<CustomColumnID>28</CustomColumnID>
			<ParameterKey>1_1002</ParameterKey>
			<Caption>Anzahl ausstehend (Anzahl BTL - Anzahl gefertigt)</Caption>
		</GridColumn>
		<GridColumn Key="29">
			<Width>100</Width>
			<Visible>True</Visible>
			<Index>29</Index>
			<GroupIndex>-1</GroupIndex>
			<SortOrder>0</SortOrder>
			<FooterSummaryKind>0</FooterSummaryKind>
			<FooterSummaryFormat/>
			<CustomColumnID>29</CustomColumnID>
			<ParameterKey>1_1003</ParameterKey>
			<Caption>Bemerkung Charge</Caption>
		</GridColumn>
		<GridColumn Key="30">
			<Width>70</Width>
			<Visible>True</Visible>
			<Index>30</Index>
			<GroupIndex>-1</GroupIndex>
			<SortOrder>0</SortOrder>
			<FooterSummaryKind>0</FooterSummaryKind>
			<FooterSummaryFormat/>
			<CustomColumnID>30</CustomColumnID>
			<ParameterKey>1_1004</ParameterKey>
			<Caption>Stückliste-Nr.</Caption>
		</GridColumn>
		<GridColumn Key="31">
			<Width>100</Width>
			<Visible>True</Visible>
			<Index>31</Index>
			<GroupIndex>-1</GroupIndex>
			<SortOrder>0</SortOrder>
			<FooterSummaryKind>0</FooterSummaryKind>
			<FooterSummaryFormat/>
			<CustomColumnID>31</CustomColumnID>
			<ParameterKey>1_1009</ParameterKey>
			<Caption>UID2Bproduced</Caption>
		</GridColumn>
		<GridColumn Key="32">
			<Width>100</Width>
			<Visible>True</Visible>
			<Index>32</Index>
			<GroupIndex>-1</GroupIndex>
			<SortOrder>0</SortOrder>
			<FooterSummaryKind>0</FooterSummaryKind>
			<FooterSummaryFormat/>
			<CustomColumnID>32</CustomColumnID>
			<ParameterKey>1_1005</ParameterKey>
			<Caption>Material</Caption>
		</GridColumn>
		<GridColumn Key="33">
			<Width>100</Width>
			<Visible>True</Visible>
			<Index>33</Index>
			<GroupIndex>-1</GroupIndex>
			<SortOrder>0</SortOrder>
			<FooterSummaryKind>0</FooterSummaryKind>
			<FooterSummaryFormat/>
			<CustomColumnID>33</CustomColumnID>
			<ParameterKey>1_1006</ParameterKey>
			<Caption>Anmerkung Bauteil</Caption>
		</GridColumn>
		<GridColumn Key="34">
			<Width>100</Width>
			<Visible>True</Visible>
			<Index>34</Index>
			<GroupIndex>-1</GroupIndex>
			<SortOrder>0</SortOrder>
			<FooterSummaryKind>0</FooterSummaryKind>
			<FooterSummaryFormat/>
			<CustomColumnID>34</CustomColumnID>
			<ParameterKey>1_1007</ParameterKey>
			<Caption>Kommentar Bauteil</Caption>
		</GridColumn>
		<GridColumn Key="35">
			<Width>70</Width>
			<Visible>True</Visible>
			<Index>35</Index>
			<GroupIndex>-1</GroupIndex>
			<SortOrder>0</SortOrder>
			<FooterSummaryKind>0</FooterSummaryKind>
			<FooterSummaryFormat/>
			<CustomColumnID>35</CustomColumnID>
			<ParameterKey>1_1008</ParameterKey>
			<Caption>Schicht</Caption>
		</GridColumn>
		<GridColumn Key="36">
			<Width>100</Width>
			<Visible>True</Visible>
			<Index>36</Index>
			<GroupIndex>-1</GroupIndex>
			<SortOrder>0</SortOrder>
			<FooterSummaryKind>0</FooterSummaryKind>
			<FooterSummaryFormat/>
			<CustomColumnID>36</CustomColumnID>
			<ParameterKey>1_0</ParameterKey>
			<Caption>UID Charge</Caption>
		</GridColumn>
		<GridColumn Key="37">
			<Width>100</Width>
			<Visible>True</Visible>
			<Index>37</Index>
			<GroupIndex>-1</GroupIndex>
			<SortOrder>0</SortOrder>
			<FooterSummaryKind>0</FooterSummaryKind>
			<FooterSummaryFormat/>
			<CustomColumnID>37</CustomColumnID>
			<ParameterKey>1_1010</ParameterKey>
			<Caption>Bauteil-Typ</Caption>
		</GridColumn>
		<GridColumn Key="38">
			<Width>100</Width>
			<Visible>True</Visible>
			<Index>38</Index>
			<GroupIndex>-1</GroupIndex>
			<SortOrder>0</SortOrder>
			<FooterSummaryKind>0</FooterSummaryKind>
			<FooterSummaryFormat/>
			<CustomColumnID>38</CustomColumnID>
			<ParameterKey>1_1011</ParameterKey>
			<Caption>Composite-Typ</Caption>
		</GridColumn>
		<GridColumn Key="39">
			<Width>100</Width>
			<Visible>True</Visible>
			<Index>39</Index>
			<GroupIndex>-1</GroupIndex>
			<SortOrder>0</SortOrder>
			<FooterSummaryKind>0</FooterSummaryKind>
			<FooterSummaryFormat/>
			<CustomColumnID>39</CustomColumnID>
			<ParameterKey>1_1012</ParameterKey>
			<Caption>UID des Bauteils (BTL)</Caption>
		</GridColumn>
		<GridColumn Key="40">
			<Width>100</Width>
			<Visible>True</Visible>
			<Index>40</Index>
			<GroupIndex>-1</GroupIndex>
			<SortOrder>0</SortOrder>
			<FooterSummaryKind>0</FooterSummaryKind>
			<FooterSummaryFormat/>
			<CustomColumnID>40</CustomColumnID>
			<ParameterKey>1_1013</ParameterKey>
			<Caption>Count2Bproduced</Caption>
		</GridColumn>
		<GridColumn Key="41">
			<Width>100</Width>
			<Visible>True</Visible>
			<Index>41</Index>
			<GroupIndex>-1</GroupIndex>
			<SortOrder>0</SortOrder>
			<FooterSummaryKind>0</FooterSummaryKind>
			<FooterSummaryFormat/>
			<CustomColumnID>41</CustomColumnID>
			<ParameterKey>1_1014</ParameterKey>
			<Caption>Baugruppe</Caption>
		</GridColumn>
		<GridColumn Key="42">
			<Width>100</Width>
			<Visible>True</Visible>
			<Index>42</Index>
			<GroupIndex>-1</GroupIndex>
			<SortOrder>0</SortOrder>
			<FooterSummaryKind>0</FooterSummaryKind>
			<FooterSummaryFormat/>
			<CustomColumnID>42</CustomColumnID>
			<ParameterKey>1_1015</ParameterKey>
			<Caption>Bauuntergruppe/Stockwerk</Caption>
		</GridColumn>
		<GridColumn Key="43">
			<Width>70</Width>
			<Visible>True</Visible>
			<Index>43</Index>
			<GroupIndex>-1</GroupIndex>
			<SortOrder>0</SortOrder>
			<FooterSummaryKind>0</FooterSummaryKind>
			<FooterSummaryFormat/>
			<CustomColumnID>43</CustomColumnID>
			<ParameterKey>2_142</ParameterKey>
			<Caption>StartIso2Bproduced</Caption>
		</GridColumn>
		<GridColumn Key="44">
			<Width>100</Width>
			<Visible>True</Visible>
			<Index>44</Index>
			<GroupIndex>-1</GroupIndex>
			<SortOrder>0</SortOrder>
			<FooterSummaryKind>0</FooterSummaryKind>
			<FooterSummaryFormat/>
			<CustomColumnID>44</CustomColumnID>
			<ParameterKey>1_1016</ParameterKey>
			<Caption>XAM-GUID</Caption>
		</GridColumn>
		<GridColumn Key="45">
			<Width>100</Width>
			<Visible>True</Visible>
			<Index>45</Index>
			<GroupIndex>-1</GroupIndex>
			<SortOrder>0</SortOrder>
			<FooterSummaryKind>0</FooterSummaryKind>
			<FooterSummaryFormat/>
			<CustomColumnID>45</CustomColumnID>
			<ParameterKey>1_1017</ParameterKey>
			<Caption>Projekt-GUID</Caption>
		</GridColumn>
	</cxGridSetting>
	<cxGridSetting Version="1" Name="last__Setting__" Footer="FALSE">
		<GridColumn Key="0">
			<Width>100</Width>
			<Visible>True</Visible>
			<Index>0</Index>
			<GroupIndex>-1</GroupIndex>
			<SortOrder>0</SortOrder>
			<FooterSummaryKind>0</FooterSummaryKind>
			<FooterSummaryFormat/>
			<CustomColumnID>0</CustomColumnID>
			<ParameterKey>0_0</ParameterKey>
			<Caption>Name Bauteil</Caption>
		</GridColumn>
		<GridColumn Key="1">
			<Width>65</Width>
			<Visible>True</Visible>
			<Index>1</Index>
			<GroupIndex>-1</GroupIndex>
			<SortOrder>0</SortOrder>
			<FooterSummaryKind>0</FooterSummaryKind>
			<FooterSummaryFormat/>
			<CustomColumnID>1</CustomColumnID>
			<ParameterKey>0_1</ParameterKey>
			<Caption>Produktions-Nr.</Caption>
		</GridColumn>
		<GridColumn Key="25">
			<Width>55</Width>
			<Visible>True</Visible>
			<Index>2</Index>
			<GroupIndex>-1</GroupIndex>
			<SortOrder>0</SortOrder>
			<FooterSummaryKind>0</FooterSummaryKind>
			<FooterSummaryFormat/>
			<CustomColumnID>25</CustomColumnID>
			<ParameterKey>1_1000</ParameterKey>
			<Caption>Anzahl Bauteil (BTL)</Caption>
		</GridColumn>
		<GridColumn Key="3">
			<Width>50</Width>
			<Visible>True</Visible>
			<Index>3</Index>
			<GroupIndex>-1</GroupIndex>
			<SortOrder>0</SortOrder>
			<FooterSummaryKind>0</FooterSummaryKind>
			<FooterSummaryFormat/>
			<CustomColumnID>3</CustomColumnID>
			<ParameterKey>0_3</ParameterKey>
			<Caption>Breite [mm]</Caption>
		</GridColumn>
		<GridColumn Key="4">
			<Width>58</Width>
			<Visible>True</Visible>
			<Index>4</Index>
			<GroupIndex>-1</GroupIndex>
			<SortOrder>0</SortOrder>
			<FooterSummaryKind>0</FooterSummaryKind>
			<FooterSummaryFormat/>
			<CustomColumnID>4</CustomColumnID>
			<ParameterKey>0_4</ParameterKey>
			<Caption>Höhe [mm]</Caption>
		</GridColumn>
		<GridColumn Key="2">
			<Width>56</Width>
			<Visible>True</Visible>
			<Index>5</Index>
			<GroupIndex>-1</GroupIndex>
			<SortOrder>0</SortOrder>
			<FooterSummaryKind>0</FooterSummaryKind>
			<FooterSummaryFormat/>
			<CustomColumnID>2</CustomColumnID>
			<ParameterKey>0_2</ParameterKey>
			<Caption>Länge [mm]</Caption>
		</GridColumn>
		<GridColumn Key="5">
			<Width>70</Width>
			<Visible>True</Visible>
			<Index>6</Index>
			<GroupIndex>-1</GroupIndex>
			<SortOrder>0</SortOrder>
			<FooterSummaryKind>0</FooterSummaryKind>
			<FooterSummaryFormat/>
			<CustomColumnID>5</CustomColumnID>
			<ParameterKey>1_4</ParameterKey>
			<Caption>Lage (1-8)</Caption>
		</GridColumn>
		<GridColumn Key="7">
			<Width>56</Width>
			<Visible>True</Visible>
			<Index>7</Index>
			<GroupIndex>-1</GroupIndex>
			<SortOrder>0</SortOrder>
			<FooterSummaryKind>0</FooterSummaryKind>
			<FooterSummaryFormat/>
			<CustomColumnID>7</CustomColumnID>
			<ParameterKey>1_1</ParameterKey>
			<Caption>Spannbild</Caption>
		</GridColumn>
		<GridColumn Key="9">
			<Width>70</Width>
			<Visible>False</Visible>
			<Index>8</Index>
			<GroupIndex>-1</GroupIndex>
			<SortOrder>0</SortOrder>
			<FooterSummaryKind>0</FooterSummaryKind>
			<FooterSummaryFormat/>
			<CustomColumnID>9</CustomColumnID>
			<ParameterKey>1_8</ParameterKey>
			<Caption>Quadrant</Caption>
		</GridColumn>
		<GridColumn Key="10">
			<Width>70</Width>
			<Visible>True</Visible>
			<Index>9</Index>
			<GroupIndex>-1</GroupIndex>
			<SortOrder>0</SortOrder>
			<FooterSummaryKind>0</FooterSummaryKind>
			<FooterSummaryFormat/>
			<CustomColumnID>10</CustomColumnID>
			<ParameterKey>1_62</ParameterKey>
			<Caption>X-Bolzen</Caption>
		</GridColumn>
		<GridColumn Key="20">
			<Width>70</Width>
			<Visible>False</Visible>
			<Index>10</Index>
			<GroupIndex>-1</GroupIndex>
			<SortOrder>0</SortOrder>
			<FooterSummaryKind>0</FooterSummaryKind>
			<FooterSummaryFormat/>
			<CustomColumnID>20</CustomColumnID>
			<ParameterKey>1_6</ParameterKey>
			<Caption>Anzahl Bauteile Charge</Caption>
		</GridColumn>
		<GridColumn Key="21">
			<Width>70</Width>
			<Visible>False</Visible>
			<Index>11</Index>
			<GroupIndex>-1</GroupIndex>
			<SortOrder>0</SortOrder>
			<FooterSummaryKind>0</FooterSummaryKind>
			<FooterSummaryFormat/>
			<CustomColumnID>21</CustomColumnID>
			<ParameterKey>2_9</ParameterKey>
			<Caption>zwi. Abstand Bauteil [mm]</Caption>
		</GridColumn>
		<GridColumn Key="22">
			<Width>70</Width>
			<Visible>False</Visible>
			<Index>12</Index>
			<GroupIndex>-1</GroupIndex>
			<SortOrder>0</SortOrder>
			<FooterSummaryKind>0</FooterSummaryKind>
			<FooterSummaryFormat/>
			<CustomColumnID>22</CustomColumnID>
			<ParameterKey>2_28</ParameterKey>
			<Caption>Achsabstand [mm]</Caption>
		</GridColumn>
		<GridColumn Key="11">
			<Width>70</Width>
			<Visible>True</Visible>
			<Index>13</Index>
			<GroupIndex>-1</GroupIndex>
			<SortOrder>0</SortOrder>
			<FooterSummaryKind>0</FooterSummaryKind>
			<FooterSummaryFormat/>
			<CustomColumnID>11</CustomColumnID>
			<ParameterKey>1_63</ParameterKey>
			<Caption>Y-Bolzen</Caption>
		</GridColumn>
		<GridColumn Key="14">
			<Width>70</Width>
			<Visible>True</Visible>
			<Index>14</Index>
			<GroupIndex>-1</GroupIndex>
			<SortOrder>0</SortOrder>
			<FooterSummaryKind>0</FooterSummaryKind>
			<FooterSummaryFormat/>
			<CustomColumnID>14</CustomColumnID>
			<ParameterKey>2_6</ParameterKey>
			<Caption>X Versch. [mm]</Caption>
		</GridColumn>
		<GridColumn Key="15">
			<Width>77</Width>
			<Visible>True</Visible>
			<Index>15</Index>
			<GroupIndex>-1</GroupIndex>
			<SortOrder>0</SortOrder>
			<FooterSummaryKind>0</FooterSummaryKind>
			<FooterSummaryFormat/>
			<CustomColumnID>15</CustomColumnID>
			<ParameterKey>2_7</ParameterKey>
			<Caption>Y Versch. [mm]</Caption>
		</GridColumn>
		<GridColumn Key="16">
			<Width>78</Width>
			<Visible>True</Visible>
			<Index>16</Index>
			<GroupIndex>-1</GroupIndex>
			<SortOrder>0</SortOrder>
			<FooterSummaryKind>0</FooterSummaryKind>
			<FooterSummaryFormat/>
			<CustomColumnID>16</CustomColumnID>
			<ParameterKey>2_8</ParameterKey>
			<Caption>Z Versch. [mm]</Caption>
		</GridColumn>
		<GridColumn Key="17">
			<Width>70</Width>
			<Visible>False</Visible>
			<Index>17</Index>
			<GroupIndex>-1</GroupIndex>
			<SortOrder>0</SortOrder>
			<FooterSummaryKind>0</FooterSummaryKind>
			<FooterSummaryFormat/>
			<CustomColumnID>17</CustomColumnID>
			<ParameterKey>2_3</ParameterKey>
			<Caption>A [deg]</Caption>
		</GridColumn>
		<GridColumn Key="18">
			<Width>70</Width>
			<Visible>False</Visible>
			<Index>18</Index>
			<GroupIndex>-1</GroupIndex>
			<SortOrder>0</SortOrder>
			<FooterSummaryKind>0</FooterSummaryKind>
			<FooterSummaryFormat/>
			<CustomColumnID>18</CustomColumnID>
			<ParameterKey>2_4</ParameterKey>
			<Caption>B [deg]</Caption>
		</GridColumn>
		<GridColumn Key="26">
			<Width>70</Width>
			<Visible>False</Visible>
			<Index>19</Index>
			<GroupIndex>-1</GroupIndex>
			<SortOrder>0</SortOrder>
			<FooterSummaryKind>0</FooterSummaryKind>
			<FooterSummaryFormat/>
			<CustomColumnID>26</CustomColumnID>
			<ParameterKey>1_169</ParameterKey>
			<Caption>Anzahl Durchläufe auf der Maschine</Caption>
		</GridColumn>
		<GridColumn Key="27">
			<Width>70</Width>
			<Visible>False</Visible>
			<Index>20</Index>
			<GroupIndex>-1</GroupIndex>
			<SortOrder>0</SortOrder>
			<FooterSummaryKind>0</FooterSummaryKind>
			<FooterSummaryFormat/>
			<CustomColumnID>27</CustomColumnID>
			<ParameterKey>1_1001</ParameterKey>
			<Caption>Anzahl gefertigt (Anzahl pro Charge x Durchläufe)</Caption>
		</GridColumn>
		<GridColumn Key="28">
			<Width>70</Width>
			<Visible>False</Visible>
			<Index>21</Index>
			<GroupIndex>-1</GroupIndex>
			<SortOrder>0</SortOrder>
			<FooterSummaryKind>0</FooterSummaryKind>
			<FooterSummaryFormat/>
			<CustomColumnID>28</CustomColumnID>
			<ParameterKey>1_1002</ParameterKey>
			<Caption>Anzahl ausstehend (Anzahl BTL - Anzahl gefertigt)</Caption>
		</GridColumn>
		<GridColumn Key="29">
			<Width>100</Width>
			<Visible>False</Visible>
			<Index>22</Index>
			<GroupIndex>-1</GroupIndex>
			<SortOrder>0</SortOrder>
			<FooterSummaryKind>0</FooterSummaryKind>
			<FooterSummaryFormat/>
			<CustomColumnID>29</CustomColumnID>
			<ParameterKey>1_1003</ParameterKey>
			<Caption>Bemerkung Charge</Caption>
		</GridColumn>
		<GridColumn Key="30">
			<Width>70</Width>
			<Visible>False</Visible>
			<Index>23</Index>
			<GroupIndex>-1</GroupIndex>
			<SortOrder>0</SortOrder>
			<FooterSummaryKind>0</FooterSummaryKind>
			<FooterSummaryFormat/>
			<CustomColumnID>30</CustomColumnID>
			<ParameterKey>1_1004</ParameterKey>
			<Caption>Stückliste-Nr.</Caption>
		</GridColumn>
		<GridColumn Key="12">
			<Width>70</Width>
			<Visible>True</Visible>
			<Index>24</Index>
			<GroupIndex>-1</GroupIndex>
			<SortOrder>0</SortOrder>
			<FooterSummaryKind>0</FooterSummaryKind>
			<FooterSummaryFormat/>
			<CustomColumnID>12</CustomColumnID>
			<ParameterKey>2_26</ParameterKey>
			<Caption>U1 [mm]</Caption>
		</GridColumn>
		<GridColumn Key="13">
			<Width>70</Width>
			<Visible>True</Visible>
			<Index>25</Index>
			<GroupIndex>-1</GroupIndex>
			<SortOrder>0</SortOrder>
			<FooterSummaryKind>0</FooterSummaryKind>
			<FooterSummaryFormat/>
			<CustomColumnID>13</CustomColumnID>
			<ParameterKey>2_27</ParameterKey>
			<Caption>U2 [mm]</Caption>
		</GridColumn>
		<GridColumn Key="32">
			<Width>100</Width>
			<Visible>False</Visible>
			<Index>26</Index>
			<GroupIndex>-1</GroupIndex>
			<SortOrder>0</SortOrder>
			<FooterSummaryKind>0</FooterSummaryKind>
			<FooterSummaryFormat/>
			<CustomColumnID>32</CustomColumnID>
			<ParameterKey>1_1005</ParameterKey>
			<Caption>Material</Caption>
		</GridColumn>
		<GridColumn Key="19">
			<Width>70</Width>
			<Visible>False</Visible>
			<Index>27</Index>
			<GroupIndex>-1</GroupIndex>
			<SortOrder>0</SortOrder>
			<FooterSummaryKind>0</FooterSummaryKind>
			<FooterSummaryFormat/>
			<CustomColumnID>19</CustomColumnID>
			<ParameterKey>2_5</ParameterKey>
			<Caption>C [deg]</Caption>
		</GridColumn>
		<GridColumn Key="6">
			<Width>77</Width>
			<Visible>True</Visible>
			<Index>28</Index>
			<GroupIndex>-1</GroupIndex>
			<SortOrder>0</SortOrder>
			<FooterSummaryKind>0</FooterSummaryKind>
			<FooterSummaryFormat/>
			<CustomColumnID>6</CustomColumnID>
			<ParameterKey>3_57</ParameterKey>
			<Caption>Längsrichtung</Caption>
		</GridColumn>
		<GridColumn Key="8">
			<Width>345</Width>
			<Visible>True</Visible>
			<Index>29</Index>
			<GroupIndex>-1</GroupIndex>
			<SortOrder>0</SortOrder>
			<FooterSummaryKind>0</FooterSummaryKind>
			<FooterSummaryFormat/>
			<CustomColumnID>8</CustomColumnID>
			<ParameterKey>1_7</ParameterKey>
			<Caption>Nullpunkt-Nr</Caption>
		</GridColumn>
		<GridColumn Key="23">
			<Width>70</Width>
			<Visible>False</Visible>
			<Index>30</Index>
			<GroupIndex>-1</GroupIndex>
			<SortOrder>0</SortOrder>
			<FooterSummaryKind>0</FooterSummaryKind>
			<FooterSummaryFormat/>
			<CustomColumnID>23</CustomColumnID>
			<ParameterKey>1_172</ParameterKey>
			<Caption>Etappe der Schichten</Caption>
		</GridColumn>
		<GridColumn Key="24">
			<Width>70</Width>
			<Visible>False</Visible>
			<Index>31</Index>
			<GroupIndex>-1</GroupIndex>
			<SortOrder>0</SortOrder>
			<FooterSummaryKind>0</FooterSummaryKind>
			<FooterSummaryFormat/>
			<CustomColumnID>24</CustomColumnID>
			<ParameterKey>4_173</ParameterKey>
			<Caption>Schicht (+)/(-)</Caption>
		</GridColumn>
		<GridColumn Key="31">
			<Width>100</Width>
			<Visible>False</Visible>
			<Index>32</Index>
			<GroupIndex>-1</GroupIndex>
			<SortOrder>0</SortOrder>
			<FooterSummaryKind>0</FooterSummaryKind>
			<FooterSummaryFormat/>
			<CustomColumnID>31</CustomColumnID>
			<ParameterKey>1_1009</ParameterKey>
			<Caption>UID2Bproduced</Caption>
		</GridColumn>
		<GridColumn Key="33">
			<Width>100</Width>
			<Visible>False</Visible>
			<Index>33</Index>
			<GroupIndex>-1</GroupIndex>
			<SortOrder>0</SortOrder>
			<FooterSummaryKind>0</FooterSummaryKind>
			<FooterSummaryFormat/>
			<CustomColumnID>33</CustomColumnID>
			<ParameterKey>1_1006</ParameterKey>
			<Caption>Anmerkung Bauteil</Caption>
		</GridColumn>
		<GridColumn Key="34">
			<Width>100</Width>
			<Visible>False</Visible>
			<Index>34</Index>
			<GroupIndex>-1</GroupIndex>
			<SortOrder>0</SortOrder>
			<FooterSummaryKind>0</FooterSummaryKind>
			<FooterSummaryFormat/>
			<CustomColumnID>34</CustomColumnID>
			<ParameterKey>1_1007</ParameterKey>
			<Caption>Kommentar Bauteil</Caption>
		</GridColumn>
		<GridColumn Key="35">
			<Width>70</Width>
			<Visible>False</Visible>
			<Index>35</Index>
			<GroupIndex>-1</GroupIndex>
			<SortOrder>0</SortOrder>
			<FooterSummaryKind>0</FooterSummaryKind>
			<FooterSummaryFormat/>
			<CustomColumnID>35</CustomColumnID>
			<ParameterKey>1_1008</ParameterKey>
			<Caption>Schicht</Caption>
		</GridColumn>
		<GridColumn Key="36">
			<Width>100</Width>
			<Visible>False</Visible>
			<Index>36</Index>
			<GroupIndex>-1</GroupIndex>
			<SortOrder>0</SortOrder>
			<FooterSummaryKind>0</FooterSummaryKind>
			<FooterSummaryFormat/>
			<CustomColumnID>36</CustomColumnID>
			<ParameterKey>1_0</ParameterKey>
			<Caption>UID Charge</Caption>
		</GridColumn>
		<GridColumn Key="37">
			<Width>100</Width>
			<Visible>False</Visible>
			<Index>37</Index>
			<GroupIndex>-1</GroupIndex>
			<SortOrder>0</SortOrder>
			<FooterSummaryKind>0</FooterSummaryKind>
			<FooterSummaryFormat/>
			<CustomColumnID>37</CustomColumnID>
			<ParameterKey>1_1010</ParameterKey>
			<Caption>Bauteil-Typ</Caption>
		</GridColumn>
		<GridColumn Key="38">
			<Width>100</Width>
			<Visible>False</Visible>
			<Index>38</Index>
			<GroupIndex>-1</GroupIndex>
			<SortOrder>0</SortOrder>
			<FooterSummaryKind>0</FooterSummaryKind>
			<FooterSummaryFormat/>
			<CustomColumnID>38</CustomColumnID>
			<ParameterKey>1_1011</ParameterKey>
			<Caption>Composite-Typ</Caption>
		</GridColumn>
		<GridColumn Key="39">
			<Width>100</Width>
			<Visible>False</Visible>
			<Index>39</Index>
			<GroupIndex>-1</GroupIndex>
			<SortOrder>0</SortOrder>
			<FooterSummaryKind>0</FooterSummaryKind>
			<FooterSummaryFormat/>
			<CustomColumnID>39</CustomColumnID>
			<ParameterKey>1_1012</ParameterKey>
			<Caption>UID des Bauteils (BTL)</Caption>
		</GridColumn>
		<GridColumn Key="40">
			<Width>100</Width>
			<Visible>False</Visible>
			<Index>40</Index>
			<GroupIndex>-1</GroupIndex>
			<SortOrder>0</SortOrder>
			<FooterSummaryKind>0</FooterSummaryKind>
			<FooterSummaryFormat/>
			<CustomColumnID>40</CustomColumnID>
			<ParameterKey>1_1013</ParameterKey>
			<Caption>Count2Bproduced</Caption>
		</GridColumn>
		<GridColumn Key="41">
			<Width>100</Width>
			<Visible>False</Visible>
			<Index>41</Index>
			<GroupIndex>-1</GroupIndex>
			<SortOrder>0</SortOrder>
			<FooterSummaryKind>0</FooterSummaryKind>
			<FooterSummaryFormat/>
			<CustomColumnID>41</CustomColumnID>
			<ParameterKey>1_1014</ParameterKey>
			<Caption>Baugruppe</Caption>
		</GridColumn>
		<GridColumn Key="42">
			<Width>100</Width>
			<Visible>False</Visible>
			<Index>42</Index>
			<GroupIndex>-1</GroupIndex>
			<SortOrder>0</SortOrder>
			<FooterSummaryKind>0</FooterSummaryKind>
			<FooterSummaryFormat/>
			<CustomColumnID>42</CustomColumnID>
			<ParameterKey>1_1015</ParameterKey>
			<Caption>Bauuntergruppe/Stockwerk</Caption>
		</GridColumn>
		<GridColumn Key="43">
			<Width>70</Width>
			<Visible>False</Visible>
			<Index>43</Index>
			<GroupIndex>-1</GroupIndex>
			<SortOrder>0</SortOrder>
			<FooterSummaryKind>0</FooterSummaryKind>
			<FooterSummaryFormat/>
			<CustomColumnID>43</CustomColumnID>
			<ParameterKey>2_142</ParameterKey>
			<Caption>StartIso2Bproduced</Caption>
		</GridColumn>
		<GridColumn Key="44">
			<Width>100</Width>
			<Visible>False</Visible>
			<Index>44</Index>
			<GroupIndex>-1</GroupIndex>
			<SortOrder>0</SortOrder>
			<FooterSummaryKind>0</FooterSummaryKind>
			<FooterSummaryFormat/>
			<CustomColumnID>44</CustomColumnID>
			<ParameterKey>1_1016</ParameterKey>
			<Caption>XAM-GUID</Caption>
		</GridColumn>
		<GridColumn Key="45">
			<Width>100</Width>
			<Visible>False</Visible>
			<Index>45</Index>
			<GroupIndex>-1</GroupIndex>
			<SortOrder>0</SortOrder>
			<FooterSummaryKind>0</FooterSummaryKind>
			<FooterSummaryFormat/>
			<CustomColumnID>45</CustomColumnID>
			<ParameterKey>1_1017</ParameterKey>
			<Caption>Projekt-GUID</Caption>
		</GridColumn>
	</cxGridSetting>
	<cxGridSetting Version="1" Name="Marcin" Footer="FALSE">
		<GridColumn Key="0">
			<Width>100</Width>
			<Visible>True</Visible>
			<Index>0</Index>
			<GroupIndex>-1</GroupIndex>
			<SortOrder>0</SortOrder>
			<FooterSummaryKind>0</FooterSummaryKind>
			<FooterSummaryFormat/>
			<CustomColumnID>0</CustomColumnID>
			<ParameterKey>0_0</ParameterKey>
			<Caption>Name Bauteil</Caption>
		</GridColumn>
		<GridColumn Key="1">
			<Width>45</Width>
			<Visible>True</Visible>
			<Index>1</Index>
			<GroupIndex>-1</GroupIndex>
			<SortOrder>0</SortOrder>
			<FooterSummaryKind>0</FooterSummaryKind>
			<FooterSummaryFormat/>
			<CustomColumnID>1</CustomColumnID>
			<ParameterKey>0_1</ParameterKey>
			<Caption>Produktions-Nr.</Caption>
		</GridColumn>
		<GridColumn Key="25">
			<Width>55</Width>
			<Visible>True</Visible>
			<Index>2</Index>
			<GroupIndex>-1</GroupIndex>
			<SortOrder>0</SortOrder>
			<FooterSummaryKind>0</FooterSummaryKind>
			<FooterSummaryFormat/>
			<CustomColumnID>25</CustomColumnID>
			<ParameterKey>1_1000</ParameterKey>
			<Caption>Anzahl Bauteil (BTL)</Caption>
		</GridColumn>
		<GridColumn Key="3">
			<Width>50</Width>
			<Visible>True</Visible>
			<Index>3</Index>
			<GroupIndex>-1</GroupIndex>
			<SortOrder>0</SortOrder>
			<FooterSummaryKind>0</FooterSummaryKind>
			<FooterSummaryFormat/>
			<CustomColumnID>3</CustomColumnID>
			<ParameterKey>0_3</ParameterKey>
			<Caption>Breite [mm]</Caption>
		</GridColumn>
		<GridColumn Key="4">
			<Width>58</Width>
			<Visible>True</Visible>
			<Index>4</Index>
			<GroupIndex>-1</GroupIndex>
			<SortOrder>0</SortOrder>
			<FooterSummaryKind>0</FooterSummaryKind>
			<FooterSummaryFormat/>
			<CustomColumnID>4</CustomColumnID>
			<ParameterKey>0_4</ParameterKey>
			<Caption>Höhe [mm]</Caption>
		</GridColumn>
		<GridColumn Key="2">
			<Width>56</Width>
			<Visible>True</Visible>
			<Index>5</Index>
			<GroupIndex>-1</GroupIndex>
			<SortOrder>0</SortOrder>
			<FooterSummaryKind>0</FooterSummaryKind>
			<FooterSummaryFormat/>
			<CustomColumnID>2</CustomColumnID>
			<ParameterKey>0_2</ParameterKey>
			<Caption>Länge [mm]</Caption>
		</GridColumn>
		<GridColumn Key="5">
			<Width>70</Width>
			<Visible>True</Visible>
			<Index>6</Index>
			<GroupIndex>-1</GroupIndex>
			<SortOrder>0</SortOrder>
			<FooterSummaryKind>0</FooterSummaryKind>
			<FooterSummaryFormat/>
			<CustomColumnID>5</CustomColumnID>
			<ParameterKey>1_4</ParameterKey>
			<Caption>Lage (1-8)</Caption>
		</GridColumn>
		<GridColumn Key="7">
			<Width>56</Width>
			<Visible>True</Visible>
			<Index>7</Index>
			<GroupIndex>-1</GroupIndex>
			<SortOrder>0</SortOrder>
			<FooterSummaryKind>0</FooterSummaryKind>
			<FooterSummaryFormat/>
			<CustomColumnID>7</CustomColumnID>
			<ParameterKey>1_1</ParameterKey>
			<Caption>Spannbild</Caption>
		</GridColumn>
		<GridColumn Key="9">
			<Width>70</Width>
			<Visible>False</Visible>
			<Index>8</Index>
			<GroupIndex>-1</GroupIndex>
			<SortOrder>0</SortOrder>
			<FooterSummaryKind>0</FooterSummaryKind>
			<FooterSummaryFormat/>
			<CustomColumnID>9</CustomColumnID>
			<ParameterKey>1_8</ParameterKey>
			<Caption>Quadrant</Caption>
		</GridColumn>
		<GridColumn Key="10">
			<Width>70</Width>
			<Visible>True</Visible>
			<Index>9</Index>
			<GroupIndex>-1</GroupIndex>
			<SortOrder>0</SortOrder>
			<FooterSummaryKind>0</FooterSummaryKind>
			<FooterSummaryFormat/>
			<CustomColumnID>10</CustomColumnID>
			<ParameterKey>1_62</ParameterKey>
			<Caption>X-Bolzen</Caption>
		</GridColumn>
		<GridColumn Key="20">
			<Width>70</Width>
			<Visible>False</Visible>
			<Index>10</Index>
			<GroupIndex>-1</GroupIndex>
			<SortOrder>0</SortOrder>
			<FooterSummaryKind>0</FooterSummaryKind>
			<FooterSummaryFormat/>
			<CustomColumnID>20</CustomColumnID>
			<ParameterKey>1_6</ParameterKey>
			<Caption>Anzahl Bauteile Charge</Caption>
		</GridColumn>
		<GridColumn Key="21">
			<Width>70</Width>
			<Visible>False</Visible>
			<Index>11</Index>
			<GroupIndex>-1</GroupIndex>
			<SortOrder>0</SortOrder>
			<FooterSummaryKind>0</FooterSummaryKind>
			<FooterSummaryFormat/>
			<CustomColumnID>21</CustomColumnID>
			<ParameterKey>2_9</ParameterKey>
			<Caption>zwi. Abstand Bauteil [mm]</Caption>
		</GridColumn>
		<GridColumn Key="22">
			<Width>70</Width>
			<Visible>False</Visible>
			<Index>12</Index>
			<GroupIndex>-1</GroupIndex>
			<SortOrder>0</SortOrder>
			<FooterSummaryKind>0</FooterSummaryKind>
			<FooterSummaryFormat/>
			<CustomColumnID>22</CustomColumnID>
			<ParameterKey>2_28</ParameterKey>
			<Caption>Achsabstand [mm]</Caption>
		</GridColumn>
		<GridColumn Key="11">
			<Width>70</Width>
			<Visible>True</Visible>
			<Index>13</Index>
			<GroupIndex>-1</GroupIndex>
			<SortOrder>0</SortOrder>
			<FooterSummaryKind>0</FooterSummaryKind>
			<FooterSummaryFormat/>
			<CustomColumnID>11</CustomColumnID>
			<ParameterKey>1_63</ParameterKey>
			<Caption>Y-Bolzen</Caption>
		</GridColumn>
		<GridColumn Key="14">
			<Width>70</Width>
			<Visible>True</Visible>
			<Index>14</Index>
			<GroupIndex>-1</GroupIndex>
			<SortOrder>0</SortOrder>
			<FooterSummaryKind>0</FooterSummaryKind>
			<FooterSummaryFormat/>
			<CustomColumnID>14</CustomColumnID>
			<ParameterKey>2_6</ParameterKey>
			<Caption>X Versch. [mm]</Caption>
		</GridColumn>
		<GridColumn Key="15">
			<Width>77</Width>
			<Visible>True</Visible>
			<Index>15</Index>
			<GroupIndex>-1</GroupIndex>
			<SortOrder>0</SortOrder>
			<FooterSummaryKind>0</FooterSummaryKind>
			<FooterSummaryFormat/>
			<CustomColumnID>15</CustomColumnID>
			<ParameterKey>2_7</ParameterKey>
			<Caption>Y Versch. [mm]</Caption>
		</GridColumn>
		<GridColumn Key="16">
			<Width>78</Width>
			<Visible>True</Visible>
			<Index>16</Index>
			<GroupIndex>-1</GroupIndex>
			<SortOrder>0</SortOrder>
			<FooterSummaryKind>0</FooterSummaryKind>
			<FooterSummaryFormat/>
			<CustomColumnID>16</CustomColumnID>
			<ParameterKey>2_8</ParameterKey>
			<Caption>Z Versch. [mm]</Caption>
		</GridColumn>
		<GridColumn Key="17">
			<Width>70</Width>
			<Visible>False</Visible>
			<Index>17</Index>
			<GroupIndex>-1</GroupIndex>
			<SortOrder>0</SortOrder>
			<FooterSummaryKind>0</FooterSummaryKind>
			<FooterSummaryFormat/>
			<CustomColumnID>17</CustomColumnID>
			<ParameterKey>2_3</ParameterKey>
			<Caption>A [deg]</Caption>
		</GridColumn>
		<GridColumn Key="18">
			<Width>70</Width>
			<Visible>False</Visible>
			<Index>18</Index>
			<GroupIndex>-1</GroupIndex>
			<SortOrder>0</SortOrder>
			<FooterSummaryKind>0</FooterSummaryKind>
			<FooterSummaryFormat/>
			<CustomColumnID>18</CustomColumnID>
			<ParameterKey>2_4</ParameterKey>
			<Caption>B [deg]</Caption>
		</GridColumn>
		<GridColumn Key="26">
			<Width>70</Width>
			<Visible>False</Visible>
			<Index>19</Index>
			<GroupIndex>-1</GroupIndex>
			<SortOrder>0</SortOrder>
			<FooterSummaryKind>0</FooterSummaryKind>
			<FooterSummaryFormat/>
			<CustomColumnID>26</CustomColumnID>
			<ParameterKey>1_169</ParameterKey>
			<Caption>Anzahl Durchläufe auf der Maschine</Caption>
		</GridColumn>
		<GridColumn Key="27">
			<Width>70</Width>
			<Visible>False</Visible>
			<Index>20</Index>
			<GroupIndex>-1</GroupIndex>
			<SortOrder>0</SortOrder>
			<FooterSummaryKind>0</FooterSummaryKind>
			<FooterSummaryFormat/>
			<CustomColumnID>27</CustomColumnID>
			<ParameterKey>1_1001</ParameterKey>
			<Caption>Anzahl gefertigt (Anzahl pro Charge x Durchläufe)</Caption>
		</GridColumn>
		<GridColumn Key="28">
			<Width>70</Width>
			<Visible>False</Visible>
			<Index>21</Index>
			<GroupIndex>-1</GroupIndex>
			<SortOrder>0</SortOrder>
			<FooterSummaryKind>0</FooterSummaryKind>
			<FooterSummaryFormat/>
			<CustomColumnID>28</CustomColumnID>
			<ParameterKey>1_1002</ParameterKey>
			<Caption>Anzahl ausstehend (Anzahl BTL - Anzahl gefertigt)</Caption>
		</GridColumn>
		<GridColumn Key="29">
			<Width>100</Width>
			<Visible>False</Visible>
			<Index>22</Index>
			<GroupIndex>-1</GroupIndex>
			<SortOrder>0</SortOrder>
			<FooterSummaryKind>0</FooterSummaryKind>
			<FooterSummaryFormat/>
			<CustomColumnID>29</CustomColumnID>
			<ParameterKey>1_1003</ParameterKey>
			<Caption>Bemerkung Charge</Caption>
		</GridColumn>
		<GridColumn Key="30">
			<Width>70</Width>
			<Visible>False</Visible>
			<Index>23</Index>
			<GroupIndex>-1</GroupIndex>
			<SortOrder>0</SortOrder>
			<FooterSummaryKind>0</FooterSummaryKind>
			<FooterSummaryFormat/>
			<CustomColumnID>30</CustomColumnID>
			<ParameterKey>1_1004</ParameterKey>
			<Caption>Stückliste-Nr.</Caption>
		</GridColumn>
		<GridColumn Key="12">
			<Width>70</Width>
			<Visible>True</Visible>
			<Index>24</Index>
			<GroupIndex>-1</GroupIndex>
			<SortOrder>0</SortOrder>
			<FooterSummaryKind>0</FooterSummaryKind>
			<FooterSummaryFormat/>
			<CustomColumnID>12</CustomColumnID>
			<ParameterKey>2_26</ParameterKey>
			<Caption>U1 [mm]</Caption>
		</GridColumn>
		<GridColumn Key="13">
			<Width>70</Width>
			<Visible>True</Visible>
			<Index>25</Index>
			<GroupIndex>-1</GroupIndex>
			<SortOrder>0</SortOrder>
			<FooterSummaryKind>0</FooterSummaryKind>
			<FooterSummaryFormat/>
			<CustomColumnID>13</CustomColumnID>
			<ParameterKey>2_27</ParameterKey>
			<Caption>U2 [mm]</Caption>
		</GridColumn>
		<GridColumn Key="32">
			<Width>100</Width>
			<Visible>False</Visible>
			<Index>26</Index>
			<GroupIndex>-1</GroupIndex>
			<SortOrder>0</SortOrder>
			<FooterSummaryKind>0</FooterSummaryKind>
			<FooterSummaryFormat/>
			<CustomColumnID>32</CustomColumnID>
			<ParameterKey>1_1005</ParameterKey>
			<Caption>Material</Caption>
		</GridColumn>
		<GridColumn Key="19">
			<Width>70</Width>
			<Visible>False</Visible>
			<Index>27</Index>
			<GroupIndex>-1</GroupIndex>
			<SortOrder>0</SortOrder>
			<FooterSummaryKind>0</FooterSummaryKind>
			<FooterSummaryFormat/>
			<CustomColumnID>19</CustomColumnID>
			<ParameterKey>2_5</ParameterKey>
			<Caption>C [deg]</Caption>
		</GridColumn>
		<GridColumn Key="6">
			<Width>77</Width>
			<Visible>True</Visible>
			<Index>28</Index>
			<GroupIndex>-1</GroupIndex>
			<SortOrder>0</SortOrder>
			<FooterSummaryKind>0</FooterSummaryKind>
			<FooterSummaryFormat/>
			<CustomColumnID>6</CustomColumnID>
			<ParameterKey>3_57</ParameterKey>
			<Caption>Längsrichtung</Caption>
		</GridColumn>
		<GridColumn Key="8">
			<Width>345</Width>
			<Visible>True</Visible>
			<Index>29</Index>
			<GroupIndex>-1</GroupIndex>
			<SortOrder>0</SortOrder>
			<FooterSummaryKind>0</FooterSummaryKind>
			<FooterSummaryFormat/>
			<CustomColumnID>8</CustomColumnID>
			<ParameterKey>1_7</ParameterKey>
			<Caption>Nullpunkt-Nr</Caption>
		</GridColumn>
		<GridColumn Key="23">
			<Width>70</Width>
			<Visible>False</Visible>
			<Index>30</Index>
			<GroupIndex>-1</GroupIndex>
			<SortOrder>0</SortOrder>
			<FooterSummaryKind>0</FooterSummaryKind>
			<FooterSummaryFormat/>
			<CustomColumnID>23</CustomColumnID>
			<ParameterKey>1_172</ParameterKey>
			<Caption>Etappe der Schichten</Caption>
		</GridColumn>
		<GridColumn Key="24">
			<Width>70</Width>
			<Visible>False</Visible>
			<Index>31</Index>
			<GroupIndex>-1</GroupIndex>
			<SortOrder>0</SortOrder>
			<FooterSummaryKind>0</FooterSummaryKind>
			<FooterSummaryFormat/>
			<CustomColumnID>24</CustomColumnID>
			<ParameterKey>4_173</ParameterKey>
			<Caption>Schicht (+)/(-)</Caption>
		</GridColumn>
		<GridColumn Key="31">
			<Width>100</Width>
			<Visible>False</Visible>
			<Index>32</Index>
			<GroupIndex>-1</GroupIndex>
			<SortOrder>0</SortOrder>
			<FooterSummaryKind>0</FooterSummaryKind>
			<FooterSummaryFormat/>
			<CustomColumnID>31</CustomColumnID>
			<ParameterKey>1_1009</ParameterKey>
			<Caption>UID2Bproduced</Caption>
		</GridColumn>
		<GridColumn Key="33">
			<Width>100</Width>
			<Visible>False</Visible>
			<Index>33</Index>
			<GroupIndex>-1</GroupIndex>
			<SortOrder>0</SortOrder>
			<FooterSummaryKind>0</FooterSummaryKind>
			<FooterSummaryFormat/>
			<CustomColumnID>33</CustomColumnID>
			<ParameterKey>1_1006</ParameterKey>
			<Caption>Anmerkung Bauteil</Caption>
		</GridColumn>
		<GridColumn Key="34">
			<Width>100</Width>
			<Visible>False</Visible>
			<Index>34</Index>
			<GroupIndex>-1</GroupIndex>
			<SortOrder>0</SortOrder>
			<FooterSummaryKind>0</FooterSummaryKind>
			<FooterSummaryFormat/>
			<CustomColumnID>34</CustomColumnID>
			<ParameterKey>1_1007</ParameterKey>
			<Caption>Kommentar Bauteil</Caption>
		</GridColumn>
		<GridColumn Key="35">
			<Width>70</Width>
			<Visible>False</Visible>
			<Index>35</Index>
			<GroupIndex>-1</GroupIndex>
			<SortOrder>0</SortOrder>
			<FooterSummaryKind>0</FooterSummaryKind>
			<FooterSummaryFormat/>
			<CustomColumnID>35</CustomColumnID>
			<ParameterKey>1_1008</ParameterKey>
			<Caption>Schicht</Caption>
		</GridColumn>
		<GridColumn Key="36">
			<Width>100</Width>
			<Visible>False</Visible>
			<Index>36</Index>
			<GroupIndex>-1</GroupIndex>
			<SortOrder>0</SortOrder>
			<FooterSummaryKind>0</FooterSummaryKind>
			<FooterSummaryFormat/>
			<CustomColumnID>36</CustomColumnID>
			<ParameterKey>1_0</ParameterKey>
			<Caption>UID Charge</Caption>
		</GridColumn>
		<GridColumn Key="37">
			<Width>100</Width>
			<Visible>False</Visible>
			<Index>37</Index>
			<GroupIndex>-1</GroupIndex>
			<SortOrder>0</SortOrder>
			<FooterSummaryKind>0</FooterSummaryKind>
			<FooterSummaryFormat/>
			<CustomColumnID>37</CustomColumnID>
			<ParameterKey>1_1010</ParameterKey>
			<Caption>Bauteil-Typ</Caption>
		</GridColumn>
		<GridColumn Key="38">
			<Width>100</Width>
			<Visible>False</Visible>
			<Index>38</Index>
			<GroupIndex>-1</GroupIndex>
			<SortOrder>0</SortOrder>
			<FooterSummaryKind>0</FooterSummaryKind>
			<FooterSummaryFormat/>
			<CustomColumnID>38</CustomColumnID>
			<ParameterKey>1_1011</ParameterKey>
			<Caption>Composite-Typ</Caption>
		</GridColumn>
		<GridColumn Key="39">
			<Width>100</Width>
			<Visible>False</Visible>
			<Index>39</Index>
			<GroupIndex>-1</GroupIndex>
			<SortOrder>0</SortOrder>
			<FooterSummaryKind>0</FooterSummaryKind>
			<FooterSummaryFormat/>
			<CustomColumnID>39</CustomColumnID>
			<ParameterKey>1_1012</ParameterKey>
			<Caption>UID des Bauteils (BTL)</Caption>
		</GridColumn>
		<GridColumn Key="40">
			<Width>100</Width>
			<Visible>False</Visible>
			<Index>40</Index>
			<GroupIndex>-1</GroupIndex>
			<SortOrder>0</SortOrder>
			<FooterSummaryKind>0</FooterSummaryKind>
			<FooterSummaryFormat/>
			<CustomColumnID>40</CustomColumnID>
			<ParameterKey>1_1013</ParameterKey>
			<Caption>Count2Bproduced</Caption>
		</GridColumn>
		<GridColumn Key="41">
			<Width>100</Width>
			<Visible>False</Visible>
			<Index>41</Index>
			<GroupIndex>-1</GroupIndex>
			<SortOrder>0</SortOrder>
			<FooterSummaryKind>0</FooterSummaryKind>
			<FooterSummaryFormat/>
			<CustomColumnID>41</CustomColumnID>
			<ParameterKey>1_1014</ParameterKey>
			<Caption>Baugruppe</Caption>
		</GridColumn>
		<GridColumn Key="42">
			<Width>100</Width>
			<Visible>False</Visible>
			<Index>42</Index>
			<GroupIndex>-1</GroupIndex>
			<SortOrder>0</SortOrder>
			<FooterSummaryKind>0</FooterSummaryKind>
			<FooterSummaryFormat/>
			<CustomColumnID>42</CustomColumnID>
			<ParameterKey>1_1015</ParameterKey>
			<Caption>Bauuntergruppe/Stockwerk</Caption>
		</GridColumn>
		<GridColumn Key="43">
			<Width>70</Width>
			<Visible>False</Visible>
			<Index>43</Index>
			<GroupIndex>-1</GroupIndex>
			<SortOrder>0</SortOrder>
			<FooterSummaryKind>0</FooterSummaryKind>
			<FooterSummaryFormat/>
			<CustomColumnID>43</CustomColumnID>
			<ParameterKey>2_142</ParameterKey>
			<Caption>StartIso2Bproduced</Caption>
		</GridColumn>
		<GridColumn Key="44">
			<Width>100</Width>
			<Visible>False</Visible>
			<Index>44</Index>
			<GroupIndex>-1</GroupIndex>
			<SortOrder>0</SortOrder>
			<FooterSummaryKind>0</FooterSummaryKind>
			<FooterSummaryFormat/>
			<CustomColumnID>44</CustomColumnID>
			<ParameterKey>1_1016</ParameterKey>
			<Caption>XAM-GUID</Caption>
		</GridColumn>
		<GridColumn Key="45">
			<Width>100</Width>
			<Visible>False</Visible>
			<Index>45</Index>
			<GroupIndex>-1</GroupIndex>
			<SortOrder>0</SortOrder>
			<FooterSummaryKind>0</FooterSummaryKind>
			<FooterSummaryFormat/>
			<CustomColumnID>45</CustomColumnID>
			<ParameterKey>1_1017</ParameterKey>
			<Caption>Projekt-GUID</Caption>
		</GridColumn>
	</cxGridSetting>
</cxGridSettings>