<?xml version="1.0" encoding="UTF-8" standalone="yes"?>
<!--lignocam settings data-->
<!--Copyright by Lignocam Sa-->
<!--LastModified with Version 17.6.453.69239-->
<!--LastModified on 21.11.2024 10:19:45-->
<!--LastModified by winuser TWM.Abbundcenter-->
<cxGridSettings>
	<cxGridSetting Version="1" Name="Minimum standard Spalte" Footer="TRUE">
		<GridColumn Key="0">
			<Width>89</Width>
			<Visible>True</Visible>
			<Index>2</Index>
			<GroupIndex>-1</GroupIndex>
			<SortOrder>0</SortOrder>
			<FooterSummaryKind>0</FooterSummaryKind>
			<FooterSummaryFormat/>
			<CustomColumnID>0</CustomColumnID>
			<ParameterKey>0_0</ParameterKey>
			<Caption>Name Charge</Caption>
		</GridColumn>
		<GridColumn Key="1">
			<Width>76</Width>
			<Visible>True</Visible>
			<Index>3</Index>
			<GroupIndex>-1</GroupIndex>
			<SortOrder>0</SortOrder>
			<FooterSummaryKind>0</FooterSummaryKind>
			<FooterSummaryFormat/>
			<CustomColumnID>1</CustomColumnID>
			<ParameterKey>0_1</ParameterKey>
			<Caption>Anzahl Bauteil (BTL)</Caption>
		</GridColumn>
		<GridColumn Key="2">
			<Width>50</Width>
			<Visible>False</Visible>
			<Index>5</Index>
			<GroupIndex>-1</GroupIndex>
			<SortOrder>0</SortOrder>
			<FooterSummaryKind>0</FooterSummaryKind>
			<FooterSummaryFormat/>
			<CustomColumnID>2</CustomColumnID>
			<ParameterKey>0_2</ParameterKey>
			<Caption>Zuletzt gesendet am</Caption>
		</GridColumn>
		<GridColumn Key="3">
			<Width>57</Width>
			<Visible>True</Visible>
			<Index>6</Index>
			<GroupIndex>-1</GroupIndex>
			<SortOrder>0</SortOrder>
			<FooterSummaryKind>0</FooterSummaryKind>
			<FooterSummaryFormat/>
			<CustomColumnID>9</CustomColumnID>
			<ParameterKey>0_9</ParameterKey>
			<Caption>Einzel-Fertigungszeit [hh:mm:ss]</Caption>
		</GridColumn>
		<GridColumn Key="4">
			<Width>63</Width>
			<Visible>True</Visible>
			<Index>7</Index>
			<GroupIndex>-1</GroupIndex>
			<SortOrder>0</SortOrder>
			<FooterSummaryKind>1</FooterSummaryKind>
			<FooterSummaryFormat/>
			<CustomColumnID>3</CustomColumnID>
			<ParameterKey>0_3</ParameterKey>
			<Caption>Fertigungszeit [hh:mm:ss]</Caption>
		</GridColumn>
		<GridColumn Key="5">
			<Width>84</Width>
			<Visible>True</Visible>
			<Index>8</Index>
			<GroupIndex>-1</GroupIndex>
			<SortOrder>0</SortOrder>
			<FooterSummaryKind>0</FooterSummaryKind>
			<FooterSummaryFormat/>
			<CustomColumnID>4</CustomColumnID>
			<ParameterKey>0_4</ParameterKey>
			<Caption>Name Bauteil</Caption>
		</GridColumn>
		<GridColumn Key="6">
			<Width>36</Width>
			<Visible>True</Visible>
			<Index>9</Index>
			<GroupIndex>-1</GroupIndex>
			<SortOrder>0</SortOrder>
			<FooterSummaryKind>0</FooterSummaryKind>
			<FooterSummaryFormat/>
			<CustomColumnID>5</CustomColumnID>
			<ParameterKey>0_5</ParameterKey>
			<Caption>Produktions-Nr.</Caption>
		</GridColumn>
		<GridColumn Key="7">
			<Width>60</Width>
			<Visible>True</Visible>
			<Index>12</Index>
			<GroupIndex>-1</GroupIndex>
			<SortOrder>0</SortOrder>
			<FooterSummaryKind>0</FooterSummaryKind>
			<FooterSummaryFormat/>
			<CustomColumnID>6</CustomColumnID>
			<ParameterKey>0_6</ParameterKey>
			<Caption>Länge [mm]</Caption>
		</GridColumn>
		<GridColumn Key="8">
			<Width>58</Width>
			<Visible>True</Visible>
			<Index>10</Index>
			<GroupIndex>-1</GroupIndex>
			<SortOrder>0</SortOrder>
			<FooterSummaryKind>0</FooterSummaryKind>
			<FooterSummaryFormat/>
			<CustomColumnID>7</CustomColumnID>
			<ParameterKey>0_7</ParameterKey>
			<Caption>Breite [mm]</Caption>
		</GridColumn>
		<GridColumn Key="9">
			<Width>60</Width>
			<Visible>True</Visible>
			<Index>11</Index>
			<GroupIndex>-1</GroupIndex>
			<SortOrder>0</SortOrder>
			<FooterSummaryKind>0</FooterSummaryKind>
			<FooterSummaryFormat/>
			<CustomColumnID>8</CustomColumnID>
			<ParameterKey>0_8</ParameterKey>
			<Caption>Höhe [mm]</Caption>
		</GridColumn>
		<GridColumn Key="10">
			<Width>54</Width>
			<Visible>True</Visible>
			<Index>13</Index>
			<GroupIndex>-1</GroupIndex>
			<SortOrder>0</SortOrder>
			<FooterSummaryKind>0</FooterSummaryKind>
			<FooterSummaryFormat/>
			<CustomColumnID>10</CustomColumnID>
			<ParameterKey>0_10</ParameterKey>
			<Caption>Lage (1-8)</Caption>
		</GridColumn>
		<GridColumn Key="11">
			<Width>102</Width>
			<Visible>True</Visible>
			<Index>14</Index>
			<GroupIndex>-1</GroupIndex>
			<SortOrder>0</SortOrder>
			<FooterSummaryKind>0</FooterSummaryKind>
			<FooterSummaryFormat/>
			<CustomColumnID>11</CustomColumnID>
			<ParameterKey>0_11</ParameterKey>
			<Caption>Nullpunkt-Nr</Caption>
		</GridColumn>
		<GridColumn Key="12">
			<Width>63</Width>
			<Visible>True</Visible>
			<Index>15</Index>
			<GroupIndex>-1</GroupIndex>
			<SortOrder>0</SortOrder>
			<FooterSummaryKind>0</FooterSummaryKind>
			<FooterSummaryFormat/>
			<CustomColumnID>13</CustomColumnID>
			<ParameterKey>0_13</ParameterKey>
			<Caption>X Versch. [mm]</Caption>
		</GridColumn>
		<GridColumn Key="13">
			<Width>63</Width>
			<Visible>True</Visible>
			<Index>16</Index>
			<GroupIndex>-1</GroupIndex>
			<SortOrder>0</SortOrder>
			<FooterSummaryKind>0</FooterSummaryKind>
			<FooterSummaryFormat/>
			<CustomColumnID>14</CustomColumnID>
			<ParameterKey>0_14</ParameterKey>
			<Caption>Y Versch. [mm]</Caption>
		</GridColumn>
		<GridColumn Key="14">
			<Width>63</Width>
			<Visible>True</Visible>
			<Index>17</Index>
			<GroupIndex>-1</GroupIndex>
			<SortOrder>0</SortOrder>
			<FooterSummaryKind>0</FooterSummaryKind>
			<FooterSummaryFormat/>
			<CustomColumnID>12</CustomColumnID>
			<ParameterKey>0_12</ParameterKey>
			<Caption>Z Versch. [mm]</Caption>
		</GridColumn>
		<GridColumn Key="15">
			<Width>100</Width>
			<Visible>False</Visible>
			<Index>18</Index>
			<GroupIndex>-1</GroupIndex>
			<SortOrder>0</SortOrder>
			<FooterSummaryKind>0</FooterSummaryKind>
			<FooterSummaryFormat/>
			<CustomColumnID>15</CustomColumnID>
			<ParameterKey>0_15</ParameterKey>
			<Caption>X-Bauteilachse [mm]</Caption>
		</GridColumn>
		<GridColumn Key="16">
			<Width>100</Width>
			<Visible>False</Visible>
			<Index>19</Index>
			<GroupIndex>-1</GroupIndex>
			<SortOrder>0</SortOrder>
			<FooterSummaryKind>0</FooterSummaryKind>
			<FooterSummaryFormat/>
			<CustomColumnID>16</CustomColumnID>
			<ParameterKey>0_16</ParameterKey>
			<Caption>Y-Bauteilachse [mm]</Caption>
		</GridColumn>
		<GridColumn Key="17">
			<Width>100</Width>
			<Visible>False</Visible>
			<Index>20</Index>
			<GroupIndex>-1</GroupIndex>
			<SortOrder>0</SortOrder>
			<FooterSummaryKind>0</FooterSummaryKind>
			<FooterSummaryFormat/>
			<CustomColumnID>17</CustomColumnID>
			<ParameterKey>0_17</ParameterKey>
			<Caption>Z-Bauteilachse [mm]</Caption>
		</GridColumn>
		<GridColumn Key="18">
			<Width>142</Width>
			<Visible>True</Visible>
			<Index>21</Index>
			<GroupIndex>-1</GroupIndex>
			<SortOrder>0</SortOrder>
			<FooterSummaryKind>0</FooterSummaryKind>
			<FooterSummaryFormat/>
			<CustomColumnID>18</CustomColumnID>
			<ParameterKey>0_18</ParameterKey>
			<Caption>Bemerkung Charge</Caption>
		</GridColumn>
		<GridColumn Key="19">
			<Width>37</Width>
			<Visible>True</Visible>
			<Index>4</Index>
			<GroupIndex>-1</GroupIndex>
			<SortOrder>0</SortOrder>
			<FooterSummaryKind>0</FooterSummaryKind>
			<FooterSummaryFormat/>
			<CustomColumnID>19</CustomColumnID>
			<ParameterKey>0_19</ParameterKey>
			<Caption>Kollisionsprüfung</Caption>
		</GridColumn>
		<GridColumn Key="20">
			<Width>100</Width>
			<Visible>False</Visible>
			<Index>22</Index>
			<GroupIndex>-1</GroupIndex>
			<SortOrder>0</SortOrder>
			<FooterSummaryKind>0</FooterSummaryKind>
			<FooterSummaryFormat/>
			<CustomColumnID>20</CustomColumnID>
			<ParameterKey>0_20</ParameterKey>
			<Caption>Zuletzt Kollision geprüft am</Caption>
		</GridColumn>
		<GridColumn Key="21">
			<Width>26</Width>
			<Visible>True</Visible>
			<Index>0</Index>
			<GroupIndex>-1</GroupIndex>
			<SortOrder>0</SortOrder>
			<FooterSummaryKind>0</FooterSummaryKind>
			<FooterSummaryFormat/>
			<CustomColumnID>21</CustomColumnID>
			<ParameterKey>0_21</ParameterKey>
			<Caption>Zustand</Caption>
		</GridColumn>
		<GridColumn Key="22">
			<Width>50</Width>
			<Visible>False</Visible>
			<Index>23</Index>
			<GroupIndex>-1</GroupIndex>
			<SortOrder>0</SortOrder>
			<FooterSummaryKind>0</FooterSummaryKind>
			<FooterSummaryFormat/>
			<CustomColumnID>24</CustomColumnID>
			<ParameterKey>0_24</ParameterKey>
			<Caption>Spannbild</Caption>
		</GridColumn>
		<GridColumn Key="23">
			<Width>89</Width>
			<Visible>True</Visible>
			<Index>24</Index>
			<GroupIndex>-1</GroupIndex>
			<SortOrder>0</SortOrder>
			<FooterSummaryKind>1</FooterSummaryKind>
			<FooterSummaryFormat>0.000</FooterSummaryFormat>
			<CustomColumnID>26</CustomColumnID>
			<ParameterKey>0_26</ParameterKey>
			<Caption>Gesamtvolumen [m³]</Caption>
		</GridColumn>
		<GridColumn Key="24">
			<Width>100</Width>
			<Visible>False</Visible>
			<Index>36</Index>
			<GroupIndex>-1</GroupIndex>
			<SortOrder>0</SortOrder>
			<FooterSummaryKind>0</FooterSummaryKind>
			<FooterSummaryFormat/>
			<CustomColumnID>27</CustomColumnID>
			<ParameterKey>0_27</ParameterKey>
			<Caption>UID Charge</Caption>
		</GridColumn>
		<GridColumn Key="25">
			<Width>61</Width>
			<Visible>True</Visible>
			<Index>1</Index>
			<GroupIndex>-1</GroupIndex>
			<SortOrder>0</SortOrder>
			<FooterSummaryKind>0</FooterSummaryKind>
			<FooterSummaryFormat/>
			<CustomColumnID>28</CustomColumnID>
			<ParameterKey>0_28</ParameterKey>
			<Caption>Gesendet</Caption>
		</GridColumn>
		<GridColumn Key="26">
			<Width>100</Width>
			<Visible>False</Visible>
			<Index>25</Index>
			<GroupIndex>-1</GroupIndex>
			<SortOrder>0</SortOrder>
			<FooterSummaryKind>0</FooterSummaryKind>
			<FooterSummaryFormat/>
			<CustomColumnID>29</CustomColumnID>
			<ParameterKey>0_29</ParameterKey>
			<Caption>Anzahl Bauteile Charge</Caption>
		</GridColumn>
		<GridColumn Key="27">
			<Width>100</Width>
			<Visible>False</Visible>
			<Index>26</Index>
			<GroupIndex>-1</GroupIndex>
			<SortOrder>0</SortOrder>
			<FooterSummaryKind>0</FooterSummaryKind>
			<FooterSummaryFormat/>
			<CustomColumnID>30</CustomColumnID>
			<ParameterKey>0_30</ParameterKey>
			<Caption>Anzahl Durchläufe auf der Maschine</Caption>
		</GridColumn>
		<GridColumn Key="28">
			<Width>100</Width>
			<Visible>False</Visible>
			<Index>27</Index>
			<GroupIndex>-1</GroupIndex>
			<SortOrder>0</SortOrder>
			<FooterSummaryKind>0</FooterSummaryKind>
			<FooterSummaryFormat/>
			<CustomColumnID>31</CustomColumnID>
			<ParameterKey>0_31</ParameterKey>
			<Caption>Anzahl gefertigt (Anzahl pro Charge x Durchläufe)</Caption>
		</GridColumn>
		<GridColumn Key="29">
			<Width>100</Width>
			<Visible>False</Visible>
			<Index>28</Index>
			<GroupIndex>-1</GroupIndex>
			<SortOrder>0</SortOrder>
			<FooterSummaryKind>0</FooterSummaryKind>
			<FooterSummaryFormat/>
			<CustomColumnID>32</CustomColumnID>
			<ParameterKey>0_32</ParameterKey>
			<Caption>Anzahl ausstehend (Anzahl BTL - Anzahl gefertigt)</Caption>
		</GridColumn>
		<GridColumn Key="30">
			<Width>50</Width>
			<Visible>False</Visible>
			<Index>29</Index>
			<GroupIndex>-1</GroupIndex>
			<SortOrder>0</SortOrder>
			<FooterSummaryKind>0</FooterSummaryKind>
			<FooterSummaryFormat/>
			<CustomColumnID>33</CustomColumnID>
			<ParameterKey>0_33</ParameterKey>
			<Caption>Stückliste-Nr.</Caption>
		</GridColumn>
		<GridColumn Key="31">
			<Width>100</Width>
			<Visible>False</Visible>
			<Index>30</Index>
			<GroupIndex>-1</GroupIndex>
			<SortOrder>0</SortOrder>
			<FooterSummaryKind>0</FooterSummaryKind>
			<FooterSummaryFormat/>
			<CustomColumnID>34</CustomColumnID>
			<ParameterKey>0_34</ParameterKey>
			<Caption>USERATTRIBUTE 1</Caption>
		</GridColumn>
		<GridColumn Key="32">
			<Width>100</Width>
			<Visible>False</Visible>
			<Index>31</Index>
			<GroupIndex>-1</GroupIndex>
			<SortOrder>0</SortOrder>
			<FooterSummaryKind>0</FooterSummaryKind>
			<FooterSummaryFormat/>
			<CustomColumnID>35</CustomColumnID>
			<ParameterKey>0_35</ParameterKey>
			<Caption>USERATTRIBUTE 2</Caption>
		</GridColumn>
		<GridColumn Key="33">
			<Width>100</Width>
			<Visible>False</Visible>
			<Index>32</Index>
			<GroupIndex>-1</GroupIndex>
			<SortOrder>0</SortOrder>
			<FooterSummaryKind>0</FooterSummaryKind>
			<FooterSummaryFormat/>
			<CustomColumnID>36</CustomColumnID>
			<ParameterKey>0_36</ParameterKey>
			<Caption>USERATTRIBUTE 3</Caption>
		</GridColumn>
		<GridColumn Key="34">
			<Width>100</Width>
			<Visible>False</Visible>
			<Index>33</Index>
			<GroupIndex>-1</GroupIndex>
			<SortOrder>0</SortOrder>
			<FooterSummaryKind>0</FooterSummaryKind>
			<FooterSummaryFormat/>
			<CustomColumnID>37</CustomColumnID>
			<ParameterKey>0_37</ParameterKey>
			<Caption>USERATTRIBUTE 4</Caption>
		</GridColumn>
		<GridColumn Key="35">
			<Width>100</Width>
			<Visible>False</Visible>
			<Index>34</Index>
			<GroupIndex>-1</GroupIndex>
			<SortOrder>0</SortOrder>
			<FooterSummaryKind>0</FooterSummaryKind>
			<FooterSummaryFormat/>
			<CustomColumnID>38</CustomColumnID>
			<ParameterKey>0_38</ParameterKey>
			<Caption>USERATTRIBUTE 5</Caption>
		</GridColumn>
		<GridColumn Key="36">
			<Width>100</Width>
			<Visible>False</Visible>
			<Index>35</Index>
			<GroupIndex>-1</GroupIndex>
			<SortOrder>0</SortOrder>
			<FooterSummaryKind>0</FooterSummaryKind>
			<FooterSummaryFormat/>
			<CustomColumnID>39</CustomColumnID>
			<ParameterKey>0_39</ParameterKey>
			<Caption>Material</Caption>
		</GridColumn>
		<GridColumn Key="37">
			<Width>230</Width>
			<Visible>False</Visible>
			<Index>37</Index>
			<GroupIndex>-1</GroupIndex>
			<SortOrder>0</SortOrder>
			<FooterSummaryKind>0</FooterSummaryKind>
			<FooterSummaryFormat/>
			<CustomColumnID>40</CustomColumnID>
			<ParameterKey>0_40</ParameterKey>
			<Caption>XAM-GUID</Caption>
		</GridColumn>
		<GridColumn Key="38">
			<Width>100</Width>
			<Visible>False</Visible>
			<Index>38</Index>
			<GroupIndex>-1</GroupIndex>
			<SortOrder>0</SortOrder>
			<FooterSummaryKind>0</FooterSummaryKind>
			<FooterSummaryFormat/>
			<CustomColumnID>41</CustomColumnID>
			<ParameterKey>0_41</ParameterKey>
			<Caption>UID des Bauteils (BTL)</Caption>
		</GridColumn>
		<GridColumn Key="39">
			<Width>230</Width>
			<Visible>False</Visible>
			<Index>39</Index>
			<GroupIndex>-1</GroupIndex>
			<SortOrder>0</SortOrder>
			<FooterSummaryKind>0</FooterSummaryKind>
			<FooterSummaryFormat/>
			<CustomColumnID>42</CustomColumnID>
			<ParameterKey>0_42</ParameterKey>
			<Caption>Projekt-GUID</Caption>
		</GridColumn>
		<GridColumn Key="40">
			<Width>100</Width>
			<Visible>False</Visible>
			<Index>40</Index>
			<GroupIndex>-1</GroupIndex>
			<SortOrder>0</SortOrder>
			<FooterSummaryKind>0</FooterSummaryKind>
			<FooterSummaryFormat/>
			<CustomColumnID>43</CustomColumnID>
			<ParameterKey>0_43</ParameterKey>
			<Caption>Bauteil-Typ</Caption>
		</GridColumn>
	</cxGridSetting>
	<cxGridSetting Version="1" Name="default__setting__" Footer="TRUE">
		<GridColumn Key="0">
			<Width>100</Width>
			<Visible>True</Visible>
			<Index>0</Index>
			<GroupIndex>-1</GroupIndex>
			<SortOrder>0</SortOrder>
			<FooterSummaryKind>0</FooterSummaryKind>
			<FooterSummaryFormat/>
			<CustomColumnID>0</CustomColumnID>
			<ParameterKey>0_0</ParameterKey>
			<Caption>Name Charge</Caption>
		</GridColumn>
		<GridColumn Key="1">
			<Width>50</Width>
			<Visible>True</Visible>
			<Index>1</Index>
			<GroupIndex>-1</GroupIndex>
			<SortOrder>0</SortOrder>
			<FooterSummaryKind>0</FooterSummaryKind>
			<FooterSummaryFormat/>
			<CustomColumnID>1</CustomColumnID>
			<ParameterKey>0_1</ParameterKey>
			<Caption>Anzahl Bauteil (BTL)</Caption>
		</GridColumn>
		<GridColumn Key="2">
			<Width>50</Width>
			<Visible>True</Visible>
			<Index>2</Index>
			<GroupIndex>-1</GroupIndex>
			<SortOrder>0</SortOrder>
			<FooterSummaryKind>0</FooterSummaryKind>
			<FooterSummaryFormat/>
			<CustomColumnID>2</CustomColumnID>
			<ParameterKey>0_2</ParameterKey>
			<Caption>Zuletzt gesendet am</Caption>
		</GridColumn>
		<GridColumn Key="3">
			<Width>170</Width>
			<Visible>True</Visible>
			<Index>3</Index>
			<GroupIndex>-1</GroupIndex>
			<SortOrder>0</SortOrder>
			<FooterSummaryKind>0</FooterSummaryKind>
			<FooterSummaryFormat/>
			<CustomColumnID>9</CustomColumnID>
			<ParameterKey>0_9</ParameterKey>
			<Caption>Einzel-Fertigungszeit [hh:mm:ss]</Caption>
		</GridColumn>
		<GridColumn Key="4">
			<Width>170</Width>
			<Visible>True</Visible>
			<Index>4</Index>
			<GroupIndex>-1</GroupIndex>
			<SortOrder>0</SortOrder>
			<FooterSummaryKind>0</FooterSummaryKind>
			<FooterSummaryFormat/>
			<CustomColumnID>3</CustomColumnID>
			<ParameterKey>0_3</ParameterKey>
			<Caption>Fertigungszeit [hh:mm:ss]</Caption>
		</GridColumn>
		<GridColumn Key="5">
			<Width>100</Width>
			<Visible>True</Visible>
			<Index>5</Index>
			<GroupIndex>-1</GroupIndex>
			<SortOrder>0</SortOrder>
			<FooterSummaryKind>0</FooterSummaryKind>
			<FooterSummaryFormat/>
			<CustomColumnID>4</CustomColumnID>
			<ParameterKey>0_4</ParameterKey>
			<Caption>Name Bauteil</Caption>
		</GridColumn>
		<GridColumn Key="6">
			<Width>50</Width>
			<Visible>True</Visible>
			<Index>6</Index>
			<GroupIndex>-1</GroupIndex>
			<SortOrder>0</SortOrder>
			<FooterSummaryKind>0</FooterSummaryKind>
			<FooterSummaryFormat/>
			<CustomColumnID>5</CustomColumnID>
			<ParameterKey>0_5</ParameterKey>
			<Caption>Produktions-Nr.</Caption>
		</GridColumn>
		<GridColumn Key="7">
			<Width>70</Width>
			<Visible>True</Visible>
			<Index>7</Index>
			<GroupIndex>-1</GroupIndex>
			<SortOrder>0</SortOrder>
			<FooterSummaryKind>0</FooterSummaryKind>
			<FooterSummaryFormat/>
			<CustomColumnID>6</CustomColumnID>
			<ParameterKey>0_6</ParameterKey>
			<Caption>Länge [mm]</Caption>
		</GridColumn>
		<GridColumn Key="8">
			<Width>70</Width>
			<Visible>True</Visible>
			<Index>8</Index>
			<GroupIndex>-1</GroupIndex>
			<SortOrder>0</SortOrder>
			<FooterSummaryKind>0</FooterSummaryKind>
			<FooterSummaryFormat/>
			<CustomColumnID>7</CustomColumnID>
			<ParameterKey>0_7</ParameterKey>
			<Caption>Breite [mm]</Caption>
		</GridColumn>
		<GridColumn Key="9">
			<Width>70</Width>
			<Visible>True</Visible>
			<Index>9</Index>
			<GroupIndex>-1</GroupIndex>
			<SortOrder>0</SortOrder>
			<FooterSummaryKind>0</FooterSummaryKind>
			<FooterSummaryFormat/>
			<CustomColumnID>8</CustomColumnID>
			<ParameterKey>0_8</ParameterKey>
			<Caption>Höhe [mm]</Caption>
		</GridColumn>
		<GridColumn Key="10">
			<Width>70</Width>
			<Visible>True</Visible>
			<Index>10</Index>
			<GroupIndex>-1</GroupIndex>
			<SortOrder>0</SortOrder>
			<FooterSummaryKind>0</FooterSummaryKind>
			<FooterSummaryFormat/>
			<CustomColumnID>10</CustomColumnID>
			<ParameterKey>0_10</ParameterKey>
			<Caption>Lage (1-8)</Caption>
		</GridColumn>
		<GridColumn Key="11">
			<Width>100</Width>
			<Visible>True</Visible>
			<Index>11</Index>
			<GroupIndex>-1</GroupIndex>
			<SortOrder>0</SortOrder>
			<FooterSummaryKind>0</FooterSummaryKind>
			<FooterSummaryFormat/>
			<CustomColumnID>11</CustomColumnID>
			<ParameterKey>0_11</ParameterKey>
			<Caption>Nullpunkt-Nr</Caption>
		</GridColumn>
		<GridColumn Key="12">
			<Width>100</Width>
			<Visible>True</Visible>
			<Index>12</Index>
			<GroupIndex>-1</GroupIndex>
			<SortOrder>0</SortOrder>
			<FooterSummaryKind>0</FooterSummaryKind>
			<FooterSummaryFormat/>
			<CustomColumnID>13</CustomColumnID>
			<ParameterKey>0_13</ParameterKey>
			<Caption>X Versch. [mm]</Caption>
		</GridColumn>
		<GridColumn Key="13">
			<Width>100</Width>
			<Visible>True</Visible>
			<Index>13</Index>
			<GroupIndex>-1</GroupIndex>
			<SortOrder>0</SortOrder>
			<FooterSummaryKind>0</FooterSummaryKind>
			<FooterSummaryFormat/>
			<CustomColumnID>14</CustomColumnID>
			<ParameterKey>0_14</ParameterKey>
			<Caption>Y Versch. [mm]</Caption>
		</GridColumn>
		<GridColumn Key="14">
			<Width>100</Width>
			<Visible>True</Visible>
			<Index>14</Index>
			<GroupIndex>-1</GroupIndex>
			<SortOrder>0</SortOrder>
			<FooterSummaryKind>0</FooterSummaryKind>
			<FooterSummaryFormat/>
			<CustomColumnID>12</CustomColumnID>
			<ParameterKey>0_12</ParameterKey>
			<Caption>Z Versch. [mm]</Caption>
		</GridColumn>
		<GridColumn Key="15">
			<Width>100</Width>
			<Visible>True</Visible>
			<Index>15</Index>
			<GroupIndex>-1</GroupIndex>
			<SortOrder>0</SortOrder>
			<FooterSummaryKind>0</FooterSummaryKind>
			<FooterSummaryFormat/>
			<CustomColumnID>15</CustomColumnID>
			<ParameterKey>0_15</ParameterKey>
			<Caption>X-Bauteilachse [mm]</Caption>
		</GridColumn>
		<GridColumn Key="16">
			<Width>100</Width>
			<Visible>True</Visible>
			<Index>16</Index>
			<GroupIndex>-1</GroupIndex>
			<SortOrder>0</SortOrder>
			<FooterSummaryKind>0</FooterSummaryKind>
			<FooterSummaryFormat/>
			<CustomColumnID>16</CustomColumnID>
			<ParameterKey>0_16</ParameterKey>
			<Caption>Y-Bauteilachse [mm]</Caption>
		</GridColumn>
		<GridColumn Key="17">
			<Width>100</Width>
			<Visible>True</Visible>
			<Index>17</Index>
			<GroupIndex>-1</GroupIndex>
			<SortOrder>0</SortOrder>
			<FooterSummaryKind>0</FooterSummaryKind>
			<FooterSummaryFormat/>
			<CustomColumnID>17</CustomColumnID>
			<ParameterKey>0_17</ParameterKey>
			<Caption>Z-Bauteilachse [mm]</Caption>
		</GridColumn>
		<GridColumn Key="18">
			<Width>100</Width>
			<Visible>True</Visible>
			<Index>18</Index>
			<GroupIndex>-1</GroupIndex>
			<SortOrder>0</SortOrder>
			<FooterSummaryKind>0</FooterSummaryKind>
			<FooterSummaryFormat/>
			<CustomColumnID>18</CustomColumnID>
			<ParameterKey>0_18</ParameterKey>
			<Caption>Bemerkung Charge</Caption>
		</GridColumn>
		<GridColumn Key="19">
			<Width>100</Width>
			<Visible>True</Visible>
			<Index>19</Index>
			<GroupIndex>-1</GroupIndex>
			<SortOrder>0</SortOrder>
			<FooterSummaryKind>0</FooterSummaryKind>
			<FooterSummaryFormat/>
			<CustomColumnID>19</CustomColumnID>
			<ParameterKey>0_19</ParameterKey>
			<Caption>Kollisionsprüfung</Caption>
		</GridColumn>
		<GridColumn Key="20">
			<Width>100</Width>
			<Visible>True</Visible>
			<Index>20</Index>
			<GroupIndex>-1</GroupIndex>
			<SortOrder>0</SortOrder>
			<FooterSummaryKind>0</FooterSummaryKind>
			<FooterSummaryFormat/>
			<CustomColumnID>20</CustomColumnID>
			<ParameterKey>0_20</ParameterKey>
			<Caption>Zuletzt Kollision geprüft am</Caption>
		</GridColumn>
		<GridColumn Key="21">
			<Width>100</Width>
			<Visible>True</Visible>
			<Index>21</Index>
			<GroupIndex>-1</GroupIndex>
			<SortOrder>0</SortOrder>
			<FooterSummaryKind>0</FooterSummaryKind>
			<FooterSummaryFormat/>
			<CustomColumnID>21</CustomColumnID>
			<ParameterKey>0_21</ParameterKey>
			<Caption>Zustand</Caption>
		</GridColumn>
		<GridColumn Key="22">
			<Width>50</Width>
			<Visible>True</Visible>
			<Index>22</Index>
			<GroupIndex>-1</GroupIndex>
			<SortOrder>0</SortOrder>
			<FooterSummaryKind>0</FooterSummaryKind>
			<FooterSummaryFormat/>
			<CustomColumnID>24</CustomColumnID>
			<ParameterKey>0_24</ParameterKey>
			<Caption>Spannbild</Caption>
		</GridColumn>
		<GridColumn Key="23">
			<Width>70</Width>
			<Visible>True</Visible>
			<Index>23</Index>
			<GroupIndex>-1</GroupIndex>
			<SortOrder>0</SortOrder>
			<FooterSummaryKind>0</FooterSummaryKind>
			<FooterSummaryFormat/>
			<CustomColumnID>26</CustomColumnID>
			<ParameterKey>0_26</ParameterKey>
			<Caption>Gesamtvolumen [m³]</Caption>
		</GridColumn>
		<GridColumn Key="24">
			<Width>100</Width>
			<Visible>True</Visible>
			<Index>24</Index>
			<GroupIndex>-1</GroupIndex>
			<SortOrder>0</SortOrder>
			<FooterSummaryKind>0</FooterSummaryKind>
			<FooterSummaryFormat/>
			<CustomColumnID>27</CustomColumnID>
			<ParameterKey>0_27</ParameterKey>
			<Caption>UID Charge</Caption>
		</GridColumn>
		<GridColumn Key="25">
			<Width>100</Width>
			<Visible>True</Visible>
			<Index>25</Index>
			<GroupIndex>-1</GroupIndex>
			<SortOrder>0</SortOrder>
			<FooterSummaryKind>0</FooterSummaryKind>
			<FooterSummaryFormat/>
			<CustomColumnID>28</CustomColumnID>
			<ParameterKey>0_28</ParameterKey>
			<Caption>Gesendet</Caption>
		</GridColumn>
		<GridColumn Key="26">
			<Width>100</Width>
			<Visible>True</Visible>
			<Index>26</Index>
			<GroupIndex>-1</GroupIndex>
			<SortOrder>0</SortOrder>
			<FooterSummaryKind>0</FooterSummaryKind>
			<FooterSummaryFormat/>
			<CustomColumnID>29</CustomColumnID>
			<ParameterKey>0_29</ParameterKey>
			<Caption>Anzahl Bauteile Charge</Caption>
		</GridColumn>
		<GridColumn Key="27">
			<Width>100</Width>
			<Visible>True</Visible>
			<Index>27</Index>
			<GroupIndex>-1</GroupIndex>
			<SortOrder>0</SortOrder>
			<FooterSummaryKind>0</FooterSummaryKind>
			<FooterSummaryFormat/>
			<CustomColumnID>30</CustomColumnID>
			<ParameterKey>0_30</ParameterKey>
			<Caption>Anzahl Durchläufe auf der Maschine</Caption>
		</GridColumn>
		<GridColumn Key="28">
			<Width>100</Width>
			<Visible>True</Visible>
			<Index>28</Index>
			<GroupIndex>-1</GroupIndex>
			<SortOrder>0</SortOrder>
			<FooterSummaryKind>0</FooterSummaryKind>
			<FooterSummaryFormat/>
			<CustomColumnID>31</CustomColumnID>
			<ParameterKey>0_31</ParameterKey>
			<Caption>Anzahl gefertigt (Anzahl pro Charge x Durchläufe)</Caption>
		</GridColumn>
		<GridColumn Key="29">
			<Width>100</Width>
			<Visible>True</Visible>
			<Index>29</Index>
			<GroupIndex>-1</GroupIndex>
			<SortOrder>0</SortOrder>
			<FooterSummaryKind>0</FooterSummaryKind>
			<FooterSummaryFormat/>
			<CustomColumnID>32</CustomColumnID>
			<ParameterKey>0_32</ParameterKey>
			<Caption>Anzahl ausstehend (Anzahl BTL - Anzahl gefertigt)</Caption>
		</GridColumn>
		<GridColumn Key="30">
			<Width>50</Width>
			<Visible>True</Visible>
			<Index>30</Index>
			<GroupIndex>-1</GroupIndex>
			<SortOrder>0</SortOrder>
			<FooterSummaryKind>0</FooterSummaryKind>
			<FooterSummaryFormat/>
			<CustomColumnID>33</CustomColumnID>
			<ParameterKey>0_33</ParameterKey>
			<Caption>Stückliste-Nr.</Caption>
		</GridColumn>
		<GridColumn Key="31">
			<Width>100</Width>
			<Visible>True</Visible>
			<Index>31</Index>
			<GroupIndex>-1</GroupIndex>
			<SortOrder>0</SortOrder>
			<FooterSummaryKind>0</FooterSummaryKind>
			<FooterSummaryFormat/>
			<CustomColumnID>34</CustomColumnID>
			<ParameterKey>0_34</ParameterKey>
			<Caption>USERATTRIBUTE 1</Caption>
		</GridColumn>
		<GridColumn Key="32">
			<Width>100</Width>
			<Visible>True</Visible>
			<Index>32</Index>
			<GroupIndex>-1</GroupIndex>
			<SortOrder>0</SortOrder>
			<FooterSummaryKind>0</FooterSummaryKind>
			<FooterSummaryFormat/>
			<CustomColumnID>35</CustomColumnID>
			<ParameterKey>0_35</ParameterKey>
			<Caption>USERATTRIBUTE 2</Caption>
		</GridColumn>
		<GridColumn Key="33">
			<Width>100</Width>
			<Visible>True</Visible>
			<Index>33</Index>
			<GroupIndex>-1</GroupIndex>
			<SortOrder>0</SortOrder>
			<FooterSummaryKind>0</FooterSummaryKind>
			<FooterSummaryFormat/>
			<CustomColumnID>36</CustomColumnID>
			<ParameterKey>0_36</ParameterKey>
			<Caption>USERATTRIBUTE 3</Caption>
		</GridColumn>
		<GridColumn Key="34">
			<Width>100</Width>
			<Visible>True</Visible>
			<Index>34</Index>
			<GroupIndex>-1</GroupIndex>
			<SortOrder>0</SortOrder>
			<FooterSummaryKind>0</FooterSummaryKind>
			<FooterSummaryFormat/>
			<CustomColumnID>37</CustomColumnID>
			<ParameterKey>0_37</ParameterKey>
			<Caption>USERATTRIBUTE 4</Caption>
		</GridColumn>
		<GridColumn Key="35">
			<Width>100</Width>
			<Visible>True</Visible>
			<Index>35</Index>
			<GroupIndex>-1</GroupIndex>
			<SortOrder>0</SortOrder>
			<FooterSummaryKind>0</FooterSummaryKind>
			<FooterSummaryFormat/>
			<CustomColumnID>38</CustomColumnID>
			<ParameterKey>0_38</ParameterKey>
			<Caption>USERATTRIBUTE 5</Caption>
		</GridColumn>
		<GridColumn Key="36">
			<Width>100</Width>
			<Visible>True</Visible>
			<Index>36</Index>
			<GroupIndex>-1</GroupIndex>
			<SortOrder>0</SortOrder>
			<FooterSummaryKind>0</FooterSummaryKind>
			<FooterSummaryFormat/>
			<CustomColumnID>39</CustomColumnID>
			<ParameterKey>0_39</ParameterKey>
			<Caption>Material</Caption>
		</GridColumn>
		<GridColumn Key="37">
			<Width>230</Width>
			<Visible>True</Visible>
			<Index>37</Index>
			<GroupIndex>-1</GroupIndex>
			<SortOrder>0</SortOrder>
			<FooterSummaryKind>0</FooterSummaryKind>
			<FooterSummaryFormat/>
			<CustomColumnID>40</CustomColumnID>
			<ParameterKey>0_40</ParameterKey>
			<Caption>XAM-GUID</Caption>
		</GridColumn>
		<GridColumn Key="38">
			<Width>100</Width>
			<Visible>True</Visible>
			<Index>38</Index>
			<GroupIndex>-1</GroupIndex>
			<SortOrder>0</SortOrder>
			<FooterSummaryKind>0</FooterSummaryKind>
			<FooterSummaryFormat/>
			<CustomColumnID>41</CustomColumnID>
			<ParameterKey>0_41</ParameterKey>
			<Caption>UID des Bauteils (BTL)</Caption>
		</GridColumn>
		<GridColumn Key="39">
			<Width>230</Width>
			<Visible>True</Visible>
			<Index>39</Index>
			<GroupIndex>-1</GroupIndex>
			<SortOrder>0</SortOrder>
			<FooterSummaryKind>0</FooterSummaryKind>
			<FooterSummaryFormat/>
			<CustomColumnID>42</CustomColumnID>
			<ParameterKey>0_42</ParameterKey>
			<Caption>Projekt-GUID</Caption>
		</GridColumn>
		<GridColumn Key="40">
			<Width>100</Width>
			<Visible>True</Visible>
			<Index>40</Index>
			<GroupIndex>-1</GroupIndex>
			<SortOrder>0</SortOrder>
			<FooterSummaryKind>0</FooterSummaryKind>
			<FooterSummaryFormat/>
			<CustomColumnID>43</CustomColumnID>
			<ParameterKey>0_43</ParameterKey>
			<Caption>Bauteil-Typ</Caption>
		</GridColumn>
	</cxGridSetting>
	<cxGridSetting Version="1" Name="last__Setting__" Footer="TRUE">
		<GridColumn Key="21">
			<Width>26</Width>
			<Visible>True</Visible>
			<Index>0</Index>
			<GroupIndex>-1</GroupIndex>
			<SortOrder>0</SortOrder>
			<FooterSummaryKind>0</FooterSummaryKind>
			<FooterSummaryFormat/>
			<CustomColumnID>21</CustomColumnID>
			<ParameterKey>0_21</ParameterKey>
			<Caption>Zustand</Caption>
		</GridColumn>
		<GridColumn Key="25">
			<Width>61</Width>
			<Visible>True</Visible>
			<Index>1</Index>
			<GroupIndex>-1</GroupIndex>
			<SortOrder>0</SortOrder>
			<FooterSummaryKind>0</FooterSummaryKind>
			<FooterSummaryFormat/>
			<CustomColumnID>28</CustomColumnID>
			<ParameterKey>0_28</ParameterKey>
			<Caption>Gesendet</Caption>
		</GridColumn>
		<GridColumn Key="0">
			<Width>89</Width>
			<Visible>True</Visible>
			<Index>2</Index>
			<GroupIndex>-1</GroupIndex>
			<SortOrder>0</SortOrder>
			<FooterSummaryKind>0</FooterSummaryKind>
			<FooterSummaryFormat/>
			<CustomColumnID>0</CustomColumnID>
			<ParameterKey>0_0</ParameterKey>
			<Caption>Name Charge</Caption>
		</GridColumn>
		<GridColumn Key="1">
			<Width>76</Width>
			<Visible>True</Visible>
			<Index>3</Index>
			<GroupIndex>-1</GroupIndex>
			<SortOrder>0</SortOrder>
			<FooterSummaryKind>0</FooterSummaryKind>
			<FooterSummaryFormat/>
			<CustomColumnID>1</CustomColumnID>
			<ParameterKey>0_1</ParameterKey>
			<Caption>Anzahl Bauteil (BTL)</Caption>
		</GridColumn>
		<GridColumn Key="2">
			<Width>50</Width>
			<Visible>False</Visible>
			<Index>4</Index>
			<GroupIndex>-1</GroupIndex>
			<SortOrder>0</SortOrder>
			<FooterSummaryKind>0</FooterSummaryKind>
			<FooterSummaryFormat/>
			<CustomColumnID>2</CustomColumnID>
			<ParameterKey>0_2</ParameterKey>
			<Caption>Zuletzt gesendet am</Caption>
		</GridColumn>
		<GridColumn Key="3">
			<Width>57</Width>
			<Visible>True</Visible>
			<Index>5</Index>
			<GroupIndex>-1</GroupIndex>
			<SortOrder>0</SortOrder>
			<FooterSummaryKind>0</FooterSummaryKind>
			<FooterSummaryFormat/>
			<CustomColumnID>9</CustomColumnID>
			<ParameterKey>0_9</ParameterKey>
			<Caption>Einzel-Fertigungszeit [hh:mm:ss]</Caption>
		</GridColumn>
		<GridColumn Key="19">
			<Width>37</Width>
			<Visible>True</Visible>
			<Index>6</Index>
			<GroupIndex>-1</GroupIndex>
			<SortOrder>0</SortOrder>
			<FooterSummaryKind>0</FooterSummaryKind>
			<FooterSummaryFormat/>
			<CustomColumnID>19</CustomColumnID>
			<ParameterKey>0_19</ParameterKey>
			<Caption>Kollisionsprüfung</Caption>
		</GridColumn>
		<GridColumn Key="4">
			<Width>63</Width>
			<Visible>True</Visible>
			<Index>7</Index>
			<GroupIndex>-1</GroupIndex>
			<SortOrder>0</SortOrder>
			<FooterSummaryKind>1</FooterSummaryKind>
			<FooterSummaryFormat/>
			<CustomColumnID>3</CustomColumnID>
			<ParameterKey>0_3</ParameterKey>
			<Caption>Fertigungszeit [hh:mm:ss]</Caption>
		</GridColumn>
		<GridColumn Key="5">
			<Width>84</Width>
			<Visible>True</Visible>
			<Index>8</Index>
			<GroupIndex>-1</GroupIndex>
			<SortOrder>0</SortOrder>
			<FooterSummaryKind>0</FooterSummaryKind>
			<FooterSummaryFormat/>
			<CustomColumnID>4</CustomColumnID>
			<ParameterKey>0_4</ParameterKey>
			<Caption>Name Bauteil</Caption>
		</GridColumn>
		<GridColumn Key="6">
			<Width>112</Width>
			<Visible>True</Visible>
			<Index>9</Index>
			<GroupIndex>-1</GroupIndex>
			<SortOrder>0</SortOrder>
			<FooterSummaryKind>0</FooterSummaryKind>
			<FooterSummaryFormat/>
			<CustomColumnID>5</CustomColumnID>
			<ParameterKey>0_5</ParameterKey>
			<Caption>Produktions-Nr.</Caption>
		</GridColumn>
		<GridColumn Key="8">
			<Width>58</Width>
			<Visible>True</Visible>
			<Index>10</Index>
			<GroupIndex>-1</GroupIndex>
			<SortOrder>0</SortOrder>
			<FooterSummaryKind>0</FooterSummaryKind>
			<FooterSummaryFormat/>
			<CustomColumnID>7</CustomColumnID>
			<ParameterKey>0_7</ParameterKey>
			<Caption>Breite [mm]</Caption>
		</GridColumn>
		<GridColumn Key="9">
			<Width>60</Width>
			<Visible>True</Visible>
			<Index>11</Index>
			<GroupIndex>-1</GroupIndex>
			<SortOrder>0</SortOrder>
			<FooterSummaryKind>0</FooterSummaryKind>
			<FooterSummaryFormat/>
			<CustomColumnID>8</CustomColumnID>
			<ParameterKey>0_8</ParameterKey>
			<Caption>Höhe [mm]</Caption>
		</GridColumn>
		<GridColumn Key="7">
			<Width>60</Width>
			<Visible>True</Visible>
			<Index>12</Index>
			<GroupIndex>-1</GroupIndex>
			<SortOrder>0</SortOrder>
			<FooterSummaryKind>0</FooterSummaryKind>
			<FooterSummaryFormat/>
			<CustomColumnID>6</CustomColumnID>
			<ParameterKey>0_6</ParameterKey>
			<Caption>Länge [mm]</Caption>
		</GridColumn>
		<GridColumn Key="10">
			<Width>54</Width>
			<Visible>True</Visible>
			<Index>13</Index>
			<GroupIndex>-1</GroupIndex>
			<SortOrder>0</SortOrder>
			<FooterSummaryKind>0</FooterSummaryKind>
			<FooterSummaryFormat/>
			<CustomColumnID>10</CustomColumnID>
			<ParameterKey>0_10</ParameterKey>
			<Caption>Lage (1-8)</Caption>
		</GridColumn>
		<GridColumn Key="11">
			<Width>102</Width>
			<Visible>True</Visible>
			<Index>14</Index>
			<GroupIndex>-1</GroupIndex>
			<SortOrder>0</SortOrder>
			<FooterSummaryKind>0</FooterSummaryKind>
			<FooterSummaryFormat/>
			<CustomColumnID>11</CustomColumnID>
			<ParameterKey>0_11</ParameterKey>
			<Caption>Nullpunkt-Nr</Caption>
		</GridColumn>
		<GridColumn Key="12">
			<Width>63</Width>
			<Visible>True</Visible>
			<Index>15</Index>
			<GroupIndex>-1</GroupIndex>
			<SortOrder>0</SortOrder>
			<FooterSummaryKind>0</FooterSummaryKind>
			<FooterSummaryFormat/>
			<CustomColumnID>13</CustomColumnID>
			<ParameterKey>0_13</ParameterKey>
			<Caption>X Versch. [mm]</Caption>
		</GridColumn>
		<GridColumn Key="13">
			<Width>63</Width>
			<Visible>True</Visible>
			<Index>16</Index>
			<GroupIndex>-1</GroupIndex>
			<SortOrder>0</SortOrder>
			<FooterSummaryKind>0</FooterSummaryKind>
			<FooterSummaryFormat/>
			<CustomColumnID>14</CustomColumnID>
			<ParameterKey>0_14</ParameterKey>
			<Caption>Y Versch. [mm]</Caption>
		</GridColumn>
		<GridColumn Key="14">
			<Width>63</Width>
			<Visible>True</Visible>
			<Index>17</Index>
			<GroupIndex>-1</GroupIndex>
			<SortOrder>0</SortOrder>
			<FooterSummaryKind>0</FooterSummaryKind>
			<FooterSummaryFormat/>
			<CustomColumnID>12</CustomColumnID>
			<ParameterKey>0_12</ParameterKey>
			<Caption>Z Versch. [mm]</Caption>
		</GridColumn>
		<GridColumn Key="15">
			<Width>100</Width>
			<Visible>False</Visible>
			<Index>18</Index>
			<GroupIndex>-1</GroupIndex>
			<SortOrder>0</SortOrder>
			<FooterSummaryKind>0</FooterSummaryKind>
			<FooterSummaryFormat/>
			<CustomColumnID>15</CustomColumnID>
			<ParameterKey>0_15</ParameterKey>
			<Caption>X-Bauteilachse [mm]</Caption>
		</GridColumn>
		<GridColumn Key="16">
			<Width>100</Width>
			<Visible>False</Visible>
			<Index>19</Index>
			<GroupIndex>-1</GroupIndex>
			<SortOrder>0</SortOrder>
			<FooterSummaryKind>0</FooterSummaryKind>
			<FooterSummaryFormat/>
			<CustomColumnID>16</CustomColumnID>
			<ParameterKey>0_16</ParameterKey>
			<Caption>Y-Bauteilachse [mm]</Caption>
		</GridColumn>
		<GridColumn Key="17">
			<Width>100</Width>
			<Visible>False</Visible>
			<Index>20</Index>
			<GroupIndex>-1</GroupIndex>
			<SortOrder>0</SortOrder>
			<FooterSummaryKind>0</FooterSummaryKind>
			<FooterSummaryFormat/>
			<CustomColumnID>17</CustomColumnID>
			<ParameterKey>0_17</ParameterKey>
			<Caption>Z-Bauteilachse [mm]</Caption>
		</GridColumn>
		<GridColumn Key="18">
			<Width>142</Width>
			<Visible>True</Visible>
			<Index>21</Index>
			<GroupIndex>-1</GroupIndex>
			<SortOrder>0</SortOrder>
			<FooterSummaryKind>0</FooterSummaryKind>
			<FooterSummaryFormat/>
			<CustomColumnID>18</CustomColumnID>
			<ParameterKey>0_18</ParameterKey>
			<Caption>Bemerkung Charge</Caption>
		</GridColumn>
		<GridColumn Key="20">
			<Width>100</Width>
			<Visible>False</Visible>
			<Index>22</Index>
			<GroupIndex>-1</GroupIndex>
			<SortOrder>0</SortOrder>
			<FooterSummaryKind>0</FooterSummaryKind>
			<FooterSummaryFormat/>
			<CustomColumnID>20</CustomColumnID>
			<ParameterKey>0_20</ParameterKey>
			<Caption>Zuletzt Kollision geprüft am</Caption>
		</GridColumn>
		<GridColumn Key="22">
			<Width>50</Width>
			<Visible>False</Visible>
			<Index>23</Index>
			<GroupIndex>-1</GroupIndex>
			<SortOrder>0</SortOrder>
			<FooterSummaryKind>0</FooterSummaryKind>
			<FooterSummaryFormat/>
			<CustomColumnID>24</CustomColumnID>
			<ParameterKey>0_24</ParameterKey>
			<Caption>Spannbild</Caption>
		</GridColumn>
		<GridColumn Key="23">
			<Width>89</Width>
			<Visible>True</Visible>
			<Index>24</Index>
			<GroupIndex>-1</GroupIndex>
			<SortOrder>0</SortOrder>
			<FooterSummaryKind>1</FooterSummaryKind>
			<FooterSummaryFormat>0.000</FooterSummaryFormat>
			<CustomColumnID>26</CustomColumnID>
			<ParameterKey>0_26</ParameterKey>
			<Caption>Gesamtvolumen [m³]</Caption>
		</GridColumn>
		<GridColumn Key="26">
			<Width>100</Width>
			<Visible>False</Visible>
			<Index>25</Index>
			<GroupIndex>-1</GroupIndex>
			<SortOrder>0</SortOrder>
			<FooterSummaryKind>0</FooterSummaryKind>
			<FooterSummaryFormat/>
			<CustomColumnID>29</CustomColumnID>
			<ParameterKey>0_29</ParameterKey>
			<Caption>Anzahl Bauteile Charge</Caption>
		</GridColumn>
		<GridColumn Key="27">
			<Width>100</Width>
			<Visible>False</Visible>
			<Index>26</Index>
			<GroupIndex>-1</GroupIndex>
			<SortOrder>0</SortOrder>
			<FooterSummaryKind>0</FooterSummaryKind>
			<FooterSummaryFormat/>
			<CustomColumnID>30</CustomColumnID>
			<ParameterKey>0_30</ParameterKey>
			<Caption>Anzahl Durchläufe auf der Maschine</Caption>
		</GridColumn>
		<GridColumn Key="28">
			<Width>100</Width>
			<Visible>False</Visible>
			<Index>27</Index>
			<GroupIndex>-1</GroupIndex>
			<SortOrder>0</SortOrder>
			<FooterSummaryKind>0</FooterSummaryKind>
			<FooterSummaryFormat/>
			<CustomColumnID>31</CustomColumnID>
			<ParameterKey>0_31</ParameterKey>
			<Caption>Anzahl gefertigt (Anzahl pro Charge x Durchläufe)</Caption>
		</GridColumn>
		<GridColumn Key="29">
			<Width>100</Width>
			<Visible>False</Visible>
			<Index>28</Index>
			<GroupIndex>-1</GroupIndex>
			<SortOrder>0</SortOrder>
			<FooterSummaryKind>0</FooterSummaryKind>
			<FooterSummaryFormat/>
			<CustomColumnID>32</CustomColumnID>
			<ParameterKey>0_32</ParameterKey>
			<Caption>Anzahl ausstehend (Anzahl BTL - Anzahl gefertigt)</Caption>
		</GridColumn>
		<GridColumn Key="30">
			<Width>50</Width>
			<Visible>False</Visible>
			<Index>29</Index>
			<GroupIndex>-1</GroupIndex>
			<SortOrder>0</SortOrder>
			<FooterSummaryKind>0</FooterSummaryKind>
			<FooterSummaryFormat/>
			<CustomColumnID>33</CustomColumnID>
			<ParameterKey>0_33</ParameterKey>
			<Caption>Stückliste-Nr.</Caption>
		</GridColumn>
		<GridColumn Key="31">
			<Width>100</Width>
			<Visible>False</Visible>
			<Index>30</Index>
			<GroupIndex>-1</GroupIndex>
			<SortOrder>0</SortOrder>
			<FooterSummaryKind>0</FooterSummaryKind>
			<FooterSummaryFormat/>
			<CustomColumnID>34</CustomColumnID>
			<ParameterKey>0_34</ParameterKey>
			<Caption>USERATTRIBUTE 1</Caption>
		</GridColumn>
		<GridColumn Key="32">
			<Width>100</Width>
			<Visible>False</Visible>
			<Index>31</Index>
			<GroupIndex>-1</GroupIndex>
			<SortOrder>0</SortOrder>
			<FooterSummaryKind>0</FooterSummaryKind>
			<FooterSummaryFormat/>
			<CustomColumnID>35</CustomColumnID>
			<ParameterKey>0_35</ParameterKey>
			<Caption>USERATTRIBUTE 2</Caption>
		</GridColumn>
		<GridColumn Key="33">
			<Width>100</Width>
			<Visible>False</Visible>
			<Index>32</Index>
			<GroupIndex>-1</GroupIndex>
			<SortOrder>0</SortOrder>
			<FooterSummaryKind>0</FooterSummaryKind>
			<FooterSummaryFormat/>
			<CustomColumnID>36</CustomColumnID>
			<ParameterKey>0_36</ParameterKey>
			<Caption>USERATTRIBUTE 3</Caption>
		</GridColumn>
		<GridColumn Key="34">
			<Width>100</Width>
			<Visible>False</Visible>
			<Index>33</Index>
			<GroupIndex>-1</GroupIndex>
			<SortOrder>0</SortOrder>
			<FooterSummaryKind>0</FooterSummaryKind>
			<FooterSummaryFormat/>
			<CustomColumnID>37</CustomColumnID>
			<ParameterKey>0_37</ParameterKey>
			<Caption>USERATTRIBUTE 4</Caption>
		</GridColumn>
		<GridColumn Key="35">
			<Width>100</Width>
			<Visible>False</Visible>
			<Index>34</Index>
			<GroupIndex>-1</GroupIndex>
			<SortOrder>0</SortOrder>
			<FooterSummaryKind>0</FooterSummaryKind>
			<FooterSummaryFormat/>
			<CustomColumnID>38</CustomColumnID>
			<ParameterKey>0_38</ParameterKey>
			<Caption>USERATTRIBUTE 5</Caption>
		</GridColumn>
		<GridColumn Key="36">
			<Width>100</Width>
			<Visible>False</Visible>
			<Index>35</Index>
			<GroupIndex>-1</GroupIndex>
			<SortOrder>0</SortOrder>
			<FooterSummaryKind>0</FooterSummaryKind>
			<FooterSummaryFormat/>
			<CustomColumnID>39</CustomColumnID>
			<ParameterKey>0_39</ParameterKey>
			<Caption>Material</Caption>
		</GridColumn>
		<GridColumn Key="24">
			<Width>100</Width>
			<Visible>False</Visible>
			<Index>36</Index>
			<GroupIndex>-1</GroupIndex>
			<SortOrder>0</SortOrder>
			<FooterSummaryKind>0</FooterSummaryKind>
			<FooterSummaryFormat/>
			<CustomColumnID>27</CustomColumnID>
			<ParameterKey>0_27</ParameterKey>
			<Caption>UID Charge</Caption>
		</GridColumn>
		<GridColumn Key="37">
			<Width>230</Width>
			<Visible>False</Visible>
			<Index>37</Index>
			<GroupIndex>-1</GroupIndex>
			<SortOrder>0</SortOrder>
			<FooterSummaryKind>0</FooterSummaryKind>
			<FooterSummaryFormat/>
			<CustomColumnID>40</CustomColumnID>
			<ParameterKey>0_40</ParameterKey>
			<Caption>XAM-GUID</Caption>
		</GridColumn>
		<GridColumn Key="38">
			<Width>100</Width>
			<Visible>False</Visible>
			<Index>38</Index>
			<GroupIndex>-1</GroupIndex>
			<SortOrder>0</SortOrder>
			<FooterSummaryKind>0</FooterSummaryKind>
			<FooterSummaryFormat/>
			<CustomColumnID>41</CustomColumnID>
			<ParameterKey>0_41</ParameterKey>
			<Caption>UID des Bauteils (BTL)</Caption>
		</GridColumn>
		<GridColumn Key="39">
			<Width>230</Width>
			<Visible>False</Visible>
			<Index>39</Index>
			<GroupIndex>-1</GroupIndex>
			<SortOrder>0</SortOrder>
			<FooterSummaryKind>0</FooterSummaryKind>
			<FooterSummaryFormat/>
			<CustomColumnID>42</CustomColumnID>
			<ParameterKey>0_42</ParameterKey>
			<Caption>Projekt-GUID</Caption>
		</GridColumn>
		<GridColumn Key="40">
			<Width>100</Width>
			<Visible>False</Visible>
			<Index>40</Index>
			<GroupIndex>-1</GroupIndex>
			<SortOrder>0</SortOrder>
			<FooterSummaryKind>0</FooterSummaryKind>
			<FooterSummaryFormat/>
			<CustomColumnID>43</CustomColumnID>
			<ParameterKey>0_43</ParameterKey>
			<Caption>Bauteil-Typ</Caption>
		</GridColumn>
	</cxGridSetting>
	<cxGridSetting Version="1" Name="Marcin" Footer="TRUE">
		<GridColumn Key="21">
			<Width>26</Width>
			<Visible>True</Visible>
			<Index>0</Index>
			<GroupIndex>-1</GroupIndex>
			<SortOrder>0</SortOrder>
			<FooterSummaryKind>0</FooterSummaryKind>
			<FooterSummaryFormat/>
			<CustomColumnID>21</CustomColumnID>
			<ParameterKey>0_21</ParameterKey>
			<Caption>Zustand</Caption>
		</GridColumn>
		<GridColumn Key="25">
			<Width>61</Width>
			<Visible>True</Visible>
			<Index>1</Index>
			<GroupIndex>-1</GroupIndex>
			<SortOrder>0</SortOrder>
			<FooterSummaryKind>0</FooterSummaryKind>
			<FooterSummaryFormat/>
			<CustomColumnID>28</CustomColumnID>
			<ParameterKey>0_28</ParameterKey>
			<Caption>Gesendet</Caption>
		</GridColumn>
		<GridColumn Key="0">
			<Width>89</Width>
			<Visible>True</Visible>
			<Index>2</Index>
			<GroupIndex>-1</GroupIndex>
			<SortOrder>0</SortOrder>
			<FooterSummaryKind>0</FooterSummaryKind>
			<FooterSummaryFormat/>
			<CustomColumnID>0</CustomColumnID>
			<ParameterKey>0_0</ParameterKey>
			<Caption>Name Charge</Caption>
		</GridColumn>
		<GridColumn Key="1">
			<Width>76</Width>
			<Visible>True</Visible>
			<Index>3</Index>
			<GroupIndex>-1</GroupIndex>
			<SortOrder>0</SortOrder>
			<FooterSummaryKind>0</FooterSummaryKind>
			<FooterSummaryFormat/>
			<CustomColumnID>1</CustomColumnID>
			<ParameterKey>0_1</ParameterKey>
			<Caption>Anzahl Bauteil (BTL)</Caption>
		</GridColumn>
		<GridColumn Key="2">
			<Width>50</Width>
			<Visible>False</Visible>
			<Index>4</Index>
			<GroupIndex>-1</GroupIndex>
			<SortOrder>0</SortOrder>
			<FooterSummaryKind>0</FooterSummaryKind>
			<FooterSummaryFormat/>
			<CustomColumnID>2</CustomColumnID>
			<ParameterKey>0_2</ParameterKey>
			<Caption>Zuletzt gesendet am</Caption>
		</GridColumn>
		<GridColumn Key="3">
			<Width>57</Width>
			<Visible>True</Visible>
			<Index>5</Index>
			<GroupIndex>-1</GroupIndex>
			<SortOrder>0</SortOrder>
			<FooterSummaryKind>0</FooterSummaryKind>
			<FooterSummaryFormat/>
			<CustomColumnID>9</CustomColumnID>
			<ParameterKey>0_9</ParameterKey>
			<Caption>Einzel-Fertigungszeit [hh:mm:ss]</Caption>
		</GridColumn>
		<GridColumn Key="19">
			<Width>37</Width>
			<Visible>True</Visible>
			<Index>6</Index>
			<GroupIndex>-1</GroupIndex>
			<SortOrder>0</SortOrder>
			<FooterSummaryKind>0</FooterSummaryKind>
			<FooterSummaryFormat/>
			<CustomColumnID>19</CustomColumnID>
			<ParameterKey>0_19</ParameterKey>
			<Caption>Kollisionsprüfung</Caption>
		</GridColumn>
		<GridColumn Key="4">
			<Width>63</Width>
			<Visible>True</Visible>
			<Index>7</Index>
			<GroupIndex>-1</GroupIndex>
			<SortOrder>0</SortOrder>
			<FooterSummaryKind>1</FooterSummaryKind>
			<FooterSummaryFormat/>
			<CustomColumnID>3</CustomColumnID>
			<ParameterKey>0_3</ParameterKey>
			<Caption>Fertigungszeit [hh:mm:ss]</Caption>
		</GridColumn>
		<GridColumn Key="5">
			<Width>84</Width>
			<Visible>True</Visible>
			<Index>8</Index>
			<GroupIndex>-1</GroupIndex>
			<SortOrder>0</SortOrder>
			<FooterSummaryKind>0</FooterSummaryKind>
			<FooterSummaryFormat/>
			<CustomColumnID>4</CustomColumnID>
			<ParameterKey>0_4</ParameterKey>
			<Caption>Name Bauteil</Caption>
		</GridColumn>
		<GridColumn Key="6">
			<Width>36</Width>
			<Visible>True</Visible>
			<Index>9</Index>
			<GroupIndex>-1</GroupIndex>
			<SortOrder>0</SortOrder>
			<FooterSummaryKind>0</FooterSummaryKind>
			<FooterSummaryFormat/>
			<CustomColumnID>5</CustomColumnID>
			<ParameterKey>0_5</ParameterKey>
			<Caption>Produktions-Nr.</Caption>
		</GridColumn>
		<GridColumn Key="8">
			<Width>58</Width>
			<Visible>True</Visible>
			<Index>10</Index>
			<GroupIndex>-1</GroupIndex>
			<SortOrder>0</SortOrder>
			<FooterSummaryKind>0</FooterSummaryKind>
			<FooterSummaryFormat/>
			<CustomColumnID>7</CustomColumnID>
			<ParameterKey>0_7</ParameterKey>
			<Caption>Breite [mm]</Caption>
		</GridColumn>
		<GridColumn Key="9">
			<Width>60</Width>
			<Visible>True</Visible>
			<Index>11</Index>
			<GroupIndex>-1</GroupIndex>
			<SortOrder>0</SortOrder>
			<FooterSummaryKind>0</FooterSummaryKind>
			<FooterSummaryFormat/>
			<CustomColumnID>8</CustomColumnID>
			<ParameterKey>0_8</ParameterKey>
			<Caption>Höhe [mm]</Caption>
		</GridColumn>
		<GridColumn Key="7">
			<Width>60</Width>
			<Visible>True</Visible>
			<Index>12</Index>
			<GroupIndex>-1</GroupIndex>
			<SortOrder>0</SortOrder>
			<FooterSummaryKind>0</FooterSummaryKind>
			<FooterSummaryFormat/>
			<CustomColumnID>6</CustomColumnID>
			<ParameterKey>0_6</ParameterKey>
			<Caption>Länge [mm]</Caption>
		</GridColumn>
		<GridColumn Key="10">
			<Width>54</Width>
			<Visible>True</Visible>
			<Index>13</Index>
			<GroupIndex>-1</GroupIndex>
			<SortOrder>0</SortOrder>
			<FooterSummaryKind>0</FooterSummaryKind>
			<FooterSummaryFormat/>
			<CustomColumnID>10</CustomColumnID>
			<ParameterKey>0_10</ParameterKey>
			<Caption>Lage (1-8)</Caption>
		</GridColumn>
		<GridColumn Key="11">
			<Width>102</Width>
			<Visible>True</Visible>
			<Index>14</Index>
			<GroupIndex>-1</GroupIndex>
			<SortOrder>0</SortOrder>
			<FooterSummaryKind>0</FooterSummaryKind>
			<FooterSummaryFormat/>
			<CustomColumnID>11</CustomColumnID>
			<ParameterKey>0_11</ParameterKey>
			<Caption>Nullpunkt-Nr</Caption>
		</GridColumn>
		<GridColumn Key="12">
			<Width>63</Width>
			<Visible>True</Visible>
			<Index>15</Index>
			<GroupIndex>-1</GroupIndex>
			<SortOrder>0</SortOrder>
			<FooterSummaryKind>0</FooterSummaryKind>
			<FooterSummaryFormat/>
			<CustomColumnID>13</CustomColumnID>
			<ParameterKey>0_13</ParameterKey>
			<Caption>X Versch. [mm]</Caption>
		</GridColumn>
		<GridColumn Key="13">
			<Width>63</Width>
			<Visible>True</Visible>
			<Index>16</Index>
			<GroupIndex>-1</GroupIndex>
			<SortOrder>0</SortOrder>
			<FooterSummaryKind>0</FooterSummaryKind>
			<FooterSummaryFormat/>
			<CustomColumnID>14</CustomColumnID>
			<ParameterKey>0_14</ParameterKey>
			<Caption>Y Versch. [mm]</Caption>
		</GridColumn>
		<GridColumn Key="14">
			<Width>63</Width>
			<Visible>True</Visible>
			<Index>17</Index>
			<GroupIndex>-1</GroupIndex>
			<SortOrder>0</SortOrder>
			<FooterSummaryKind>0</FooterSummaryKind>
			<FooterSummaryFormat/>
			<CustomColumnID>12</CustomColumnID>
			<ParameterKey>0_12</ParameterKey>
			<Caption>Z Versch. [mm]</Caption>
		</GridColumn>
		<GridColumn Key="15">
			<Width>100</Width>
			<Visible>False</Visible>
			<Index>18</Index>
			<GroupIndex>-1</GroupIndex>
			<SortOrder>0</SortOrder>
			<FooterSummaryKind>0</FooterSummaryKind>
			<FooterSummaryFormat/>
			<CustomColumnID>15</CustomColumnID>
			<ParameterKey>0_15</ParameterKey>
			<Caption>X-Bauteilachse [mm]</Caption>
		</GridColumn>
		<GridColumn Key="16">
			<Width>100</Width>
			<Visible>False</Visible>
			<Index>19</Index>
			<GroupIndex>-1</GroupIndex>
			<SortOrder>0</SortOrder>
			<FooterSummaryKind>0</FooterSummaryKind>
			<FooterSummaryFormat/>
			<CustomColumnID>16</CustomColumnID>
			<ParameterKey>0_16</ParameterKey>
			<Caption>Y-Bauteilachse [mm]</Caption>
		</GridColumn>
		<GridColumn Key="17">
			<Width>100</Width>
			<Visible>False</Visible>
			<Index>20</Index>
			<GroupIndex>-1</GroupIndex>
			<SortOrder>0</SortOrder>
			<FooterSummaryKind>0</FooterSummaryKind>
			<FooterSummaryFormat/>
			<CustomColumnID>17</CustomColumnID>
			<ParameterKey>0_17</ParameterKey>
			<Caption>Z-Bauteilachse [mm]</Caption>
		</GridColumn>
		<GridColumn Key="18">
			<Width>142</Width>
			<Visible>True</Visible>
			<Index>21</Index>
			<GroupIndex>-1</GroupIndex>
			<SortOrder>0</SortOrder>
			<FooterSummaryKind>0</FooterSummaryKind>
			<FooterSummaryFormat/>
			<CustomColumnID>18</CustomColumnID>
			<ParameterKey>0_18</ParameterKey>
			<Caption>Bemerkung Charge</Caption>
		</GridColumn>
		<GridColumn Key="20">
			<Width>100</Width>
			<Visible>False</Visible>
			<Index>22</Index>
			<GroupIndex>-1</GroupIndex>
			<SortOrder>0</SortOrder>
			<FooterSummaryKind>0</FooterSummaryKind>
			<FooterSummaryFormat/>
			<CustomColumnID>20</CustomColumnID>
			<ParameterKey>0_20</ParameterKey>
			<Caption>Zuletzt Kollision geprüft am</Caption>
		</GridColumn>
		<GridColumn Key="22">
			<Width>50</Width>
			<Visible>False</Visible>
			<Index>23</Index>
			<GroupIndex>-1</GroupIndex>
			<SortOrder>0</SortOrder>
			<FooterSummaryKind>0</FooterSummaryKind>
			<FooterSummaryFormat/>
			<CustomColumnID>24</CustomColumnID>
			<ParameterKey>0_24</ParameterKey>
			<Caption>Spannbild</Caption>
		</GridColumn>
		<GridColumn Key="23">
			<Width>89</Width>
			<Visible>True</Visible>
			<Index>24</Index>
			<GroupIndex>-1</GroupIndex>
			<SortOrder>0</SortOrder>
			<FooterSummaryKind>1</FooterSummaryKind>
			<FooterSummaryFormat>0.000</FooterSummaryFormat>
			<CustomColumnID>26</CustomColumnID>
			<ParameterKey>0_26</ParameterKey>
			<Caption>Gesamtvolumen [m³]</Caption>
		</GridColumn>
		<GridColumn Key="26">
			<Width>100</Width>
			<Visible>False</Visible>
			<Index>25</Index>
			<GroupIndex>-1</GroupIndex>
			<SortOrder>0</SortOrder>
			<FooterSummaryKind>0</FooterSummaryKind>
			<FooterSummaryFormat/>
			<CustomColumnID>29</CustomColumnID>
			<ParameterKey>0_29</ParameterKey>
			<Caption>Anzahl Bauteile Charge</Caption>
		</GridColumn>
		<GridColumn Key="27">
			<Width>100</Width>
			<Visible>False</Visible>
			<Index>26</Index>
			<GroupIndex>-1</GroupIndex>
			<SortOrder>0</SortOrder>
			<FooterSummaryKind>0</FooterSummaryKind>
			<FooterSummaryFormat/>
			<CustomColumnID>30</CustomColumnID>
			<ParameterKey>0_30</ParameterKey>
			<Caption>Anzahl Durchläufe auf der Maschine</Caption>
		</GridColumn>
		<GridColumn Key="28">
			<Width>100</Width>
			<Visible>False</Visible>
			<Index>27</Index>
			<GroupIndex>-1</GroupIndex>
			<SortOrder>0</SortOrder>
			<FooterSummaryKind>0</FooterSummaryKind>
			<FooterSummaryFormat/>
			<CustomColumnID>31</CustomColumnID>
			<ParameterKey>0_31</ParameterKey>
			<Caption>Anzahl gefertigt (Anzahl pro Charge x Durchläufe)</Caption>
		</GridColumn>
		<GridColumn Key="29">
			<Width>100</Width>
			<Visible>False</Visible>
			<Index>28</Index>
			<GroupIndex>-1</GroupIndex>
			<SortOrder>0</SortOrder>
			<FooterSummaryKind>0</FooterSummaryKind>
			<FooterSummaryFormat/>
			<CustomColumnID>32</CustomColumnID>
			<ParameterKey>0_32</ParameterKey>
			<Caption>Anzahl ausstehend (Anzahl BTL - Anzahl gefertigt)</Caption>
		</GridColumn>
		<GridColumn Key="30">
			<Width>50</Width>
			<Visible>False</Visible>
			<Index>29</Index>
			<GroupIndex>-1</GroupIndex>
			<SortOrder>0</SortOrder>
			<FooterSummaryKind>0</FooterSummaryKind>
			<FooterSummaryFormat/>
			<CustomColumnID>33</CustomColumnID>
			<ParameterKey>0_33</ParameterKey>
			<Caption>Stückliste-Nr.</Caption>
		</GridColumn>
		<GridColumn Key="31">
			<Width>100</Width>
			<Visible>False</Visible>
			<Index>30</Index>
			<GroupIndex>-1</GroupIndex>
			<SortOrder>0</SortOrder>
			<FooterSummaryKind>0</FooterSummaryKind>
			<FooterSummaryFormat/>
			<CustomColumnID>34</CustomColumnID>
			<ParameterKey>0_34</ParameterKey>
			<Caption>USERATTRIBUTE 1</Caption>
		</GridColumn>
		<GridColumn Key="32">
			<Width>100</Width>
			<Visible>False</Visible>
			<Index>31</Index>
			<GroupIndex>-1</GroupIndex>
			<SortOrder>0</SortOrder>
			<FooterSummaryKind>0</FooterSummaryKind>
			<FooterSummaryFormat/>
			<CustomColumnID>35</CustomColumnID>
			<ParameterKey>0_35</ParameterKey>
			<Caption>USERATTRIBUTE 2</Caption>
		</GridColumn>
		<GridColumn Key="33">
			<Width>100</Width>
			<Visible>False</Visible>
			<Index>32</Index>
			<GroupIndex>-1</GroupIndex>
			<SortOrder>0</SortOrder>
			<FooterSummaryKind>0</FooterSummaryKind>
			<FooterSummaryFormat/>
			<CustomColumnID>36</CustomColumnID>
			<ParameterKey>0_36</ParameterKey>
			<Caption>USERATTRIBUTE 3</Caption>
		</GridColumn>
		<GridColumn Key="34">
			<Width>100</Width>
			<Visible>False</Visible>
			<Index>33</Index>
			<GroupIndex>-1</GroupIndex>
			<SortOrder>0</SortOrder>
			<FooterSummaryKind>0</FooterSummaryKind>
			<FooterSummaryFormat/>
			<CustomColumnID>37</CustomColumnID>
			<ParameterKey>0_37</ParameterKey>
			<Caption>USERATTRIBUTE 4</Caption>
		</GridColumn>
		<GridColumn Key="35">
			<Width>100</Width>
			<Visible>False</Visible>
			<Index>34</Index>
			<GroupIndex>-1</GroupIndex>
			<SortOrder>0</SortOrder>
			<FooterSummaryKind>0</FooterSummaryKind>
			<FooterSummaryFormat/>
			<CustomColumnID>38</CustomColumnID>
			<ParameterKey>0_38</ParameterKey>
			<Caption>USERATTRIBUTE 5</Caption>
		</GridColumn>
		<GridColumn Key="36">
			<Width>100</Width>
			<Visible>False</Visible>
			<Index>35</Index>
			<GroupIndex>-1</GroupIndex>
			<SortOrder>0</SortOrder>
			<FooterSummaryKind>0</FooterSummaryKind>
			<FooterSummaryFormat/>
			<CustomColumnID>39</CustomColumnID>
			<ParameterKey>0_39</ParameterKey>
			<Caption>Material</Caption>
		</GridColumn>
		<GridColumn Key="24">
			<Width>100</Width>
			<Visible>False</Visible>
			<Index>36</Index>
			<GroupIndex>-1</GroupIndex>
			<SortOrder>0</SortOrder>
			<FooterSummaryKind>0</FooterSummaryKind>
			<FooterSummaryFormat/>
			<CustomColumnID>27</CustomColumnID>
			<ParameterKey>0_27</ParameterKey>
			<Caption>UID Charge</Caption>
		</GridColumn>
		<GridColumn Key="37">
			<Width>230</Width>
			<Visible>False</Visible>
			<Index>37</Index>
			<GroupIndex>-1</GroupIndex>
			<SortOrder>0</SortOrder>
			<FooterSummaryKind>0</FooterSummaryKind>
			<FooterSummaryFormat/>
			<CustomColumnID>40</CustomColumnID>
			<ParameterKey>0_40</ParameterKey>
			<Caption>XAM-GUID</Caption>
		</GridColumn>
		<GridColumn Key="38">
			<Width>100</Width>
			<Visible>False</Visible>
			<Index>38</Index>
			<GroupIndex>-1</GroupIndex>
			<SortOrder>0</SortOrder>
			<FooterSummaryKind>0</FooterSummaryKind>
			<FooterSummaryFormat/>
			<CustomColumnID>41</CustomColumnID>
			<ParameterKey>0_41</ParameterKey>
			<Caption>UID des Bauteils (BTL)</Caption>
		</GridColumn>
		<GridColumn Key="39">
			<Width>230</Width>
			<Visible>False</Visible>
			<Index>39</Index>
			<GroupIndex>-1</GroupIndex>
			<SortOrder>0</SortOrder>
			<FooterSummaryKind>0</FooterSummaryKind>
			<FooterSummaryFormat/>
			<CustomColumnID>42</CustomColumnID>
			<ParameterKey>0_42</ParameterKey>
			<Caption>Projekt-GUID</Caption>
		</GridColumn>
		<GridColumn Key="40">
			<Width>100</Width>
			<Visible>False</Visible>
			<Index>40</Index>
			<GroupIndex>-1</GroupIndex>
			<SortOrder>0</SortOrder>
			<FooterSummaryKind>0</FooterSummaryKind>
			<FooterSummaryFormat/>
			<CustomColumnID>43</CustomColumnID>
			<ParameterKey>0_43</ParameterKey>
			<Caption>Bauteil-Typ</Caption>
		</GridColumn>
	</cxGridSetting>
</cxGridSettings>