<?xml version="1.0" encoding="UTF-8" standalone="yes"?>
<!--lignocam settings data-->
<!--Copyright by Lignocam Sa-->
<!--LastModified with Version 17.8.597.70502-->
<!--LastModified on 12.01.2024 10:46:42-->
<!--LastModified by winuser marcin.malik-->
<cxGridSettings>
	<cxGridSetting Version="1" Name="Standard Spalte Portal maschine" Footer="FALSE"/>
	<cxGridSetting Version="1" Name="Standard Spalte Wagon maschine" Footer="FALSE"/>
	<cxGridSetting Version="1" Name="default__setting__" Footer="FALSE"/>
	<cxGridSetting Version="1" Name="layout optimisé" Footer="FALSE">
		<GridColumn Key="0">
			<Width>100</Width>
			<Visible>True</Visible>
			<Index>0</Index>
			<GroupIndex>-1</GroupIndex>
			<SortOrder>0</SortOrder>
			<FooterSummaryKind>0</FooterSummaryKind>
			<FooterSummaryFormat/>
			<CustomColumnID>0</CustomColumnID>
			<ParameterKey>0_0</ParameterKey>
			<Caption>Paramètre</Caption>
		</GridColumn>
		<GridColumn Key="1">
			<Width>70</Width>
			<Visible>True</Visible>
			<Index>1</Index>
			<GroupIndex>-1</GroupIndex>
			<SortOrder>0</SortOrder>
			<FooterSummaryKind>0</FooterSummaryKind>
			<FooterSummaryFormat/>
			<CustomColumnID>1</CustomColumnID>
			<ParameterKey>0_1</ParameterKey>
			<Caption>Traverses 1</Caption>
		</GridColumn>
		<GridColumn Key="2">
			<Width>70</Width>
			<Visible>True</Visible>
			<Index>2</Index>
			<GroupIndex>-1</GroupIndex>
			<SortOrder>0</SortOrder>
			<FooterSummaryKind>0</FooterSummaryKind>
			<FooterSummaryFormat/>
			<CustomColumnID>2</CustomColumnID>
			<ParameterKey>0_2</ParameterKey>
			<Caption>Traverses 2</Caption>
		</GridColumn>
		<GridColumn Key="3">
			<Width>70</Width>
			<Visible>True</Visible>
			<Index>3</Index>
			<GroupIndex>-1</GroupIndex>
			<SortOrder>0</SortOrder>
			<FooterSummaryKind>0</FooterSummaryKind>
			<FooterSummaryFormat/>
			<CustomColumnID>3</CustomColumnID>
			<ParameterKey>0_3</ParameterKey>
			<Caption>Traverses 3</Caption>
		</GridColumn>
		<GridColumn Key="4">
			<Width>70</Width>
			<Visible>True</Visible>
			<Index>4</Index>
			<GroupIndex>-1</GroupIndex>
			<SortOrder>0</SortOrder>
			<FooterSummaryKind>0</FooterSummaryKind>
			<FooterSummaryFormat/>
			<CustomColumnID>4</CustomColumnID>
			<ParameterKey>0_4</ParameterKey>
			<Caption>Traverses 4</Caption>
		</GridColumn>
		<GridColumn Key="5">
			<Width>70</Width>
			<Visible>True</Visible>
			<Index>5</Index>
			<GroupIndex>-1</GroupIndex>
			<SortOrder>0</SortOrder>
			<FooterSummaryKind>0</FooterSummaryKind>
			<FooterSummaryFormat/>
			<CustomColumnID>5</CustomColumnID>
			<ParameterKey>0_5</ParameterKey>
			<Caption>Traverses 5</Caption>
		</GridColumn>
		<GridColumn Key="6">
			<Width>70</Width>
			<Visible>True</Visible>
			<Index>6</Index>
			<GroupIndex>-1</GroupIndex>
			<SortOrder>0</SortOrder>
			<FooterSummaryKind>0</FooterSummaryKind>
			<FooterSummaryFormat/>
			<CustomColumnID>6</CustomColumnID>
			<ParameterKey>0_6</ParameterKey>
			<Caption>Traverses 6</Caption>
		</GridColumn>
		<GridColumn Key="7">
			<Width>70</Width>
			<Visible>True</Visible>
			<Index>7</Index>
			<GroupIndex>-1</GroupIndex>
			<SortOrder>0</SortOrder>
			<FooterSummaryKind>0</FooterSummaryKind>
			<FooterSummaryFormat/>
			<CustomColumnID>7</CustomColumnID>
			<ParameterKey>0_7</ParameterKey>
			<Caption>Traverses 7</Caption>
		</GridColumn>
		<GridColumn Key="8">
			<Width>70</Width>
			<Visible>True</Visible>
			<Index>8</Index>
			<GroupIndex>-1</GroupIndex>
			<SortOrder>0</SortOrder>
			<FooterSummaryKind>0</FooterSummaryKind>
			<FooterSummaryFormat/>
			<CustomColumnID>8</CustomColumnID>
			<ParameterKey>0_8</ParameterKey>
			<Caption>Traverses 8</Caption>
		</GridColumn>
		<GridColumn Key="9">
			<Width>70</Width>
			<Visible>True</Visible>
			<Index>9</Index>
			<GroupIndex>-1</GroupIndex>
			<SortOrder>0</SortOrder>
			<FooterSummaryKind>0</FooterSummaryKind>
			<FooterSummaryFormat/>
			<CustomColumnID>9</CustomColumnID>
			<ParameterKey>0_9</ParameterKey>
			<Caption>Traverses 9</Caption>
		</GridColumn>
		<GridColumn Key="10">
			<Width>70</Width>
			<Visible>True</Visible>
			<Index>10</Index>
			<GroupIndex>-1</GroupIndex>
			<SortOrder>0</SortOrder>
			<FooterSummaryKind>0</FooterSummaryKind>
			<FooterSummaryFormat/>
			<CustomColumnID>10</CustomColumnID>
			<ParameterKey>0_10</ParameterKey>
			<Caption>Traverses 10</Caption>
		</GridColumn>
		<GridColumn Key="11">
			<Width>70</Width>
			<Visible>True</Visible>
			<Index>11</Index>
			<GroupIndex>-1</GroupIndex>
			<SortOrder>0</SortOrder>
			<FooterSummaryKind>0</FooterSummaryKind>
			<FooterSummaryFormat/>
			<CustomColumnID>11</CustomColumnID>
			<ParameterKey>0_11</ParameterKey>
			<Caption>Traverses 11</Caption>
		</GridColumn>
		<GridColumn Key="12">
			<Width>70</Width>
			<Visible>True</Visible>
			<Index>12</Index>
			<GroupIndex>-1</GroupIndex>
			<SortOrder>0</SortOrder>
			<FooterSummaryKind>0</FooterSummaryKind>
			<FooterSummaryFormat/>
			<CustomColumnID>12</CustomColumnID>
			<ParameterKey>0_12</ParameterKey>
			<Caption>Traverses 12</Caption>
		</GridColumn>
		<GridColumn Key="13">
			<Width>70</Width>
			<Visible>True</Visible>
			<Index>13</Index>
			<GroupIndex>-1</GroupIndex>
			<SortOrder>0</SortOrder>
			<FooterSummaryKind>0</FooterSummaryKind>
			<FooterSummaryFormat/>
			<CustomColumnID>13</CustomColumnID>
			<ParameterKey>0_13</ParameterKey>
			<Caption>Traverses 13</Caption>
		</GridColumn>
		<GridColumn Key="14">
			<Width>70</Width>
			<Visible>True</Visible>
			<Index>14</Index>
			<GroupIndex>-1</GroupIndex>
			<SortOrder>0</SortOrder>
			<FooterSummaryKind>0</FooterSummaryKind>
			<FooterSummaryFormat/>
			<CustomColumnID>14</CustomColumnID>
			<ParameterKey>0_14</ParameterKey>
			<Caption>Traverses 14</Caption>
		</GridColumn>
		<GridColumn Key="15">
			<Width>70</Width>
			<Visible>True</Visible>
			<Index>15</Index>
			<GroupIndex>-1</GroupIndex>
			<SortOrder>0</SortOrder>
			<FooterSummaryKind>0</FooterSummaryKind>
			<FooterSummaryFormat/>
			<CustomColumnID>15</CustomColumnID>
			<ParameterKey>0_15</ParameterKey>
			<Caption>Traverses 15</Caption>
		</GridColumn>
		<GridColumn Key="16">
			<Width>70</Width>
			<Visible>True</Visible>
			<Index>16</Index>
			<GroupIndex>-1</GroupIndex>
			<SortOrder>0</SortOrder>
			<FooterSummaryKind>0</FooterSummaryKind>
			<FooterSummaryFormat/>
			<CustomColumnID>16</CustomColumnID>
			<ParameterKey>0_16</ParameterKey>
			<Caption>Traverses 16</Caption>
		</GridColumn>
		<GridColumn Key="17">
			<Width>70</Width>
			<Visible>True</Visible>
			<Index>17</Index>
			<GroupIndex>-1</GroupIndex>
			<SortOrder>0</SortOrder>
			<FooterSummaryKind>0</FooterSummaryKind>
			<FooterSummaryFormat/>
			<CustomColumnID>17</CustomColumnID>
			<ParameterKey>0_17</ParameterKey>
			<Caption>Traverses 17</Caption>
		</GridColumn>
		<GridColumn Key="18">
			<Width>70</Width>
			<Visible>True</Visible>
			<Index>18</Index>
			<GroupIndex>-1</GroupIndex>
			<SortOrder>0</SortOrder>
			<FooterSummaryKind>0</FooterSummaryKind>
			<FooterSummaryFormat/>
			<CustomColumnID>18</CustomColumnID>
			<ParameterKey>0_18</ParameterKey>
			<Caption>Traverses 18</Caption>
		</GridColumn>
		<GridColumn Key="19">
			<Width>70</Width>
			<Visible>True</Visible>
			<Index>19</Index>
			<GroupIndex>-1</GroupIndex>
			<SortOrder>0</SortOrder>
			<FooterSummaryKind>0</FooterSummaryKind>
			<FooterSummaryFormat/>
			<CustomColumnID>19</CustomColumnID>
			<ParameterKey>0_19</ParameterKey>
			<Caption>Traverses 19</Caption>
		</GridColumn>
		<GridColumn Key="20">
			<Width>70</Width>
			<Visible>True</Visible>
			<Index>20</Index>
			<GroupIndex>-1</GroupIndex>
			<SortOrder>0</SortOrder>
			<FooterSummaryKind>0</FooterSummaryKind>
			<FooterSummaryFormat/>
			<CustomColumnID>20</CustomColumnID>
			<ParameterKey>0_20</ParameterKey>
			<Caption>Traverses 20</Caption>
		</GridColumn>
		<GridColumn Key="21">
			<Width>70</Width>
			<Visible>True</Visible>
			<Index>21</Index>
			<GroupIndex>-1</GroupIndex>
			<SortOrder>0</SortOrder>
			<FooterSummaryKind>0</FooterSummaryKind>
			<FooterSummaryFormat/>
			<CustomColumnID>21</CustomColumnID>
			<ParameterKey>0_21</ParameterKey>
			<Caption>Traverses 21</Caption>
		</GridColumn>
		<GridColumn Key="22">
			<Width>70</Width>
			<Visible>True</Visible>
			<Index>22</Index>
			<GroupIndex>-1</GroupIndex>
			<SortOrder>0</SortOrder>
			<FooterSummaryKind>0</FooterSummaryKind>
			<FooterSummaryFormat/>
			<CustomColumnID>22</CustomColumnID>
			<ParameterKey>0_22</ParameterKey>
			<Caption>Traverses 22</Caption>
		</GridColumn>
		<GridColumn Key="23">
			<Width>70</Width>
			<Visible>True</Visible>
			<Index>23</Index>
			<GroupIndex>-1</GroupIndex>
			<SortOrder>0</SortOrder>
			<FooterSummaryKind>0</FooterSummaryKind>
			<FooterSummaryFormat/>
			<CustomColumnID>23</CustomColumnID>
			<ParameterKey>0_23</ParameterKey>
			<Caption>Traverses 23</Caption>
		</GridColumn>
		<GridColumn Key="24">
			<Width>70</Width>
			<Visible>True</Visible>
			<Index>24</Index>
			<GroupIndex>-1</GroupIndex>
			<SortOrder>0</SortOrder>
			<FooterSummaryKind>0</FooterSummaryKind>
			<FooterSummaryFormat/>
			<CustomColumnID>24</CustomColumnID>
			<ParameterKey>0_24</ParameterKey>
			<Caption>Traverses 24</Caption>
		</GridColumn>
		<GridColumn Key="25">
			<Width>70</Width>
			<Visible>True</Visible>
			<Index>25</Index>
			<GroupIndex>-1</GroupIndex>
			<SortOrder>0</SortOrder>
			<FooterSummaryKind>0</FooterSummaryKind>
			<FooterSummaryFormat/>
			<CustomColumnID>25</CustomColumnID>
			<ParameterKey>0_25</ParameterKey>
			<Caption>Traverses 25</Caption>
		</GridColumn>
	</cxGridSetting>
	<cxGridSetting Version="1" Name="last__Setting__" Footer="FALSE"/>
	<cxGridSetting Version="1" Name="cnc" Footer="FALSE"/>
	<cxGridSetting Version="1" Name="Wolfi" Footer="FALSE"/>
	<cxGridSetting Version="1" Name="Wolfi1" Footer="FALSE"/>
	<cxGridSetting Version="1" Name="m" Footer="FALSE"/>
	<cxGridSetting Version="1" Name="Marcin" Footer="FALSE"/>
</cxGridSettings>